"id","nome","categoria","subcategoria","preco","destaque","descricao","imagens","nome_variacao_1","variacoes_1","nome_variacao_2","variacoes_2"
"1-1-001","Chaveiro Slim Luffy","Chaveiro","Slim Classic","8","Produto em impressão 3D","One Piece Tamanho: 6 cm","/imagens/produtos/chaveiros/1-1-001-chaveiro-slim-luffy/1.png","","","",""
"1-1-002","Chaveiro Slim Luffy (Costas)","Chaveiro","Slim Classic","8","Produto em impressão 3D","One Piece Tamanho: 6 cm","/imagens/produtos/chaveiros/1-1-002-chaveiro-slim-luffy-costas/1.png","","","",""
"1-1-003","Chaveiro Slim Piratas do Chapéu de Palha","Chaveiro","Slim Classic","8","Produto em impressão 3D","One Piece Tamanho: 6 cm","/imagens/produtos/chaveiros/1-1-003-chaveiro-slim-piratas-do-chapeu-de-palha/1.png","","","",""
"1-1-004","Chaveiro Slim Harry Potter","Chaveiro","Slim Classic","8","Produto em impressão 3D","Harry Potter Tamanho: 6 cm","/imagens/produtos/chaveiros/1-1-004-chaveiro-slim-harry-potter/1.png","","","",""
"1-1-005","Chaveiro Slim Hermione Granger","Chaveiro","Slim Classic","8","Produto em impressão 3D","Harry Potter Tamanho: 6 cm","/imagens/produtos/chaveiros/1-1-005-chaveiro-slim-hermione-granger/1.png","","","",""
"1-1-006","Chaveiro Slim Rony Weasley","Chaveiro","Slim Classic","8","Produto em impressão 3D","Harry Potter Tamanho: 6 cm","/imagens/produtos/chaveiros/1-1-006-chaveiro-slim-rony-weasley/1.png","","","",""
"1-1-007","Chaveiro Slim Draco Malfoy","Chaveiro","Slim Classic","8","Produto em impressão 3D","Harry Potter Tamanho: 6 cm","/imagens/produtos/chaveiros/1-1-007-chaveiro-slim-draco-malfoy/1.png","","","",""
"1-1-008","Chaveiro Slim Alvo Dumbledore","Chaveiro","Slim Classic","8","Produto em impressão 3D","Harry Potter Tamanho: 6 cm","/imagens/produtos/chaveiros/1-1-008-chaveiro-slim-alvo-dumbledore/1.png","","","",""
"1-1-009","Chaveiro Slim Severo Snape","Chaveiro","Slim Classic","8","Produto em impressão 3D","Harry Potter Tamanho: 6 cm","/imagens/produtos/chaveiros/1-1-009-chaveiro-slim-severo-snape/1.png","","","",""
"1-1-010","Chaveiro Slim Rúbeo Hagrid","Chaveiro","Slim Classic","8","Produto em impressão 3D","Harry Potter Tamanho: 6 cm","/imagens/produtos/chaveiros/1-1-010-chaveiro-slim-rubeo-hagrid/1.png","","","",""
"1-1-011","Chaveiro Slim Luna Lovegood","Chaveiro","Slim Classic","8","Produto em impressão 3D","Harry Potter Tamanho: 6 cm","/imagens/produtos/chaveiros/1-1-011-chaveiro-slim-luna-lovegood/1.png|/imagens/produtos/chaveiros/1-1-011-chaveiro-slim-luna-lovegood/2.jpg","","","",""
"1-1-012","Chaveiro Slim Dobby","Chaveiro","Slim Classic","8","Produto em impressão 3D","Harry Potter Tamanho: 6 cm","/imagens/produtos/chaveiros/1-1-012-chaveiro-slim-dobby/1.png","","","",""
"1-1-013","Chaveiro Slim Lord Voldemort","Chaveiro","Slim Classic","8","Produto em impressão 3D","Harry Potter Tamanho: 6 cm","/imagens/produtos/chaveiros/1-1-013-chaveiro-slim-lord-voldemort/1.png","","","",""
"1-1-014","Chaveiro Slim Neville Longbottom","Chaveiro","Slim Classic","8","Produto em impressão 3D","Harry Potter Tamanho: 6 cm","/imagens/produtos/chaveiros/1-1-014-chaveiro-slim-neville-longbottom/1.png","","","",""
"1-1-015","Chaveiro Slim Cedrico Diggory","Chaveiro","Slim Classic","8","Produto em impressão 3D","Harry Potter Tamanho: 6 cm","/imagens/produtos/chaveiros/1-1-015-chaveiro-slim-cedrico-diggory/1.png","","","",""
"1-1-016","Chaveiro Slim Bellatrix Lestrange","Chaveiro","Slim Classic","8","Produto em impressão 3D","Harry Potter Tamanho: 6 cm","/imagens/produtos/chaveiros/1-1-016-chaveiro-slim-bellatrix-lestrange/1.png","","","",""
"1-1-017","Chaveiro Slim Gina Weasley","Chaveiro","Slim Classic","8","Produto em impressão 3D","Harry Potter Tamanho: 6 cm","/imagens/produtos/chaveiros/1-1-017-chaveiro-slim-gina-weasley/1.png","","","",""
"1-1-018","Chaveiro Slim Sirius Black","Chaveiro","Slim Classic","8","Produto em impressão 3D","Harry Potter Tamanho: 6 cm","/imagens/produtos/chaveiros/1-1-018-chaveiro-slim-sirius-black/1.png","","","",""
"1-1-019","Chaveiro Slim Testrálio","Chaveiro","Slim Classic","8","Produto em impressão 3D","Harry Potter Tamanho: 6 cm","/imagens/produtos/chaveiros/1-1-019-chaveiro-slim-testralio/1.png","","","",""
"1-1-020","Chaveiro Slim Hipogrifo","Chaveiro","Slim Classic","8","Produto em impressão 3D","Harry Potter Tamanho: 6 cm","/imagens/produtos/chaveiros/1-1-020-chaveiro-slim-hipogrifo/1.png","","","",""
"1-1-021","Chaveiro Slim Plataforma 9¾","Chaveiro","Slim Classic","8","Produto em impressão 3D","Harry Potter Tamanho: 6 cm","/imagens/produtos/chaveiros/1-1-021-chaveiro-slim-plataforma-9¾/1.png","","","",""
"1-1-022","Chaveiro Slim Star Wars","Chaveiro","Slim Classic","8","Produto em impressão 3D","Star Wars Tamanho: 6 cm","/imagens/produtos/chaveiros/1-1-022-chaveiro-slim-star-wars/1.png","","","",""
"1-1-023","Chaveiro Slim Darth Vader","Chaveiro","Slim Classic","8","Produto em impressão 3D","Star Wars Tamanho: 6 cm","/imagens/produtos/chaveiros/1-1-023-chaveiro-slim-darth-vader/1.png","","","",""
"1-1-024","Chaveiro Slim C-3PO","Chaveiro","Slim Classic","8","Produto em impressão 3D","Star Wars Tamanho: 6 cm","/imagens/produtos/chaveiros/1-1-024-chaveiro-slim-c-3po/1.png","","","",""
"1-1-025","Chaveiro Slim Estrela da Morte","Chaveiro","Slim Classic","8","Produto em impressão 3D","Star Wars Tamanho: 6 cm","/imagens/produtos/chaveiros/1-1-025-chaveiro-slim-estrela-da-morte/1.png","","","",""
"1-1-026","Chaveiro Slim Stormtrooper","Chaveiro","Slim Classic","8","Produto em impressão 3D","Star Wars Tamanho: 6 cm","/imagens/produtos/chaveiros/1-1-026-chaveiro-slim-stormtrooper/1.png","","","",""
"1-1-027","Chaveiro Slim Millennium Falcon","Chaveiro","Slim Classic","8","Produto em impressão 3D","Star Wars Tamanho: 6 cm","/imagens/produtos/chaveiros/1-1-027-chaveiro-slim-millennium-falcon/1.png","","","",""
"1-1-028","Chaveiro Slim R2-D2","Chaveiro","Slim Classic","8","Produto em impressão 3D","Star Wars Tamanho: 6 cm","/imagens/produtos/chaveiros/1-1-028-chaveiro-slim-r2-d2/1.png","","","",""
"1-1-029","Chaveiro Slim BB8","Chaveiro","Slim Classic","8","Produto em impressão 3D","Star Wars Tamanho: 6 cm","/imagens/produtos/chaveiros/1-1-029-chaveiro-slim-bb8/1.png","","","",""
"1-1-030","Chaveiro Slim FN-2187","Chaveiro","Slim Classic","8","Produto em impressão 3D","Star Wars Tamanho: 6 cm","/imagens/produtos/chaveiros/1-1-030-chaveiro-slim-fn-2187/1.png","","","",""
"1-1-031","Chaveiro Slim Stitch","Chaveiro","Slim Classic","8","Produto em impressão 3D","Stitch Tamanho: 6 cm","/imagens/produtos/chaveiros/1-1-031-chaveiro-slim-stitch/1.png","","","",""
"1-1-032","Chaveiro Slim BaianaSystem","Chaveiro","Slim Classic","8","Produto em impressão 3D","BaianaSystem Tamanho: 6 cm","/imagens/produtos/chaveiros/1-1-032-chaveiro-slim-baianasystem/1.png","","","",""
"1-1-033","Chaveiro Slim Bandeira Brasil","Chaveiro","Slim Classic","8","Produto em impressão 3D","Brasil Tamanho: 6 cm","/imagens/produtos/chaveiros/1-1-033-chaveiro-slim-bandeira-brasil/1.png","","","",""
"1-1-034","Chaveiro Slim Groot","Chaveiro","Slim Classic","8","Produto em impressão 3D","Guardiões da Galáxia (Marvel) Tamanho: 6 cm","/imagens/produtos/chaveiros/1-1-034-chaveiro-slim-groot/1.png","","","",""
"1-1-035","Chaveiro Slim Homem-Aranha","Chaveiro","Slim Classic","8","Produto em impressão 3D","Homem-Aranha (Marvel) Tamanho: 6 cm","/imagens/produtos/chaveiros/1-1-035-chaveiro-slim-homem-aranha/1.png","","","",""
"1-1-036","Chaveiro Slim Homem de Ferro","Chaveiro","Slim Classic","8","Produto em impressão 3D","Homem de Ferro (Marvel) Tamanho: 6 cm","/imagens/produtos/chaveiros/1-1-036-chaveiro-slim-homem-de-ferro/1.png","","","",""
"1-1-037","Chaveiro Slim Margarida","Chaveiro","Slim Classic","8","Produto em impressão 3D","Plantas Tamanho: 5 cm","/imagens/produtos/chaveiros/1-1-037-chaveiro-slim-margarida/1.png","","","",""
"1-1-038","Chaveiro Slim Girassol","Chaveiro","Slim Classic","8","Produto em impressão 3D","Plantas Tamanho: 5 cm","/imagens/produtos/chaveiros/1-1-038-chaveiro-slim-girassol/1.png","","","",""
"1-1-039","Chaveiro Slim Rosa","Chaveiro","Slim Classic","8","Produto em impressão 3D","Plantas Tamanho: 5 cm","/imagens/produtos/chaveiros/1-1-039-chaveiro-slim-rosa/1.png","","","",""
"1-1-040","Chaveiro Slim Flor","Chaveiro","Slim Classic","8","Produto em impressão 3D","Plantas Tamanho: 5 cm","/imagens/produtos/chaveiros/1-1-040-chaveiro-slim-flor/1.png","","","",""
"1-1-041","Chaveiro Slim Rosa c/ Cabo","Chaveiro","Slim Classic","8","Produto em impressão 3D","Plantas Tamanho: 5 cm","/imagens/produtos/chaveiros/1-1-041-chaveiro-slim-rosa-c-cabo/1.png","","","",""
"1-2-001","Chaveiro Slim Smart NFC Tag","Chaveiro","Slim Smart","10","Produto em impressão 3D","NFC Tamanho: 4 cm","/imagens/produtos/chaveiros/1-2-001-chaveiro-slim-smart-nfc-tag/1.png","","","",""
"1-2-002","Chaveiro Slim Smart NFC Tag Pet","Chaveiro","Slim Smart","10","Produto em impressão 3D","NFC Tamanho: 4 cm","/imagens/produtos/chaveiros/1-2-002-chaveiro-slim-smart-nfc-tag-pet/1.png|/imagens/produtos/chaveiros/1-2-002-chaveiro-slim-smart-nfc-tag-pet/2.png|/imagens/produtos/chaveiros/1-2-002-chaveiro-slim-smart-nfc-tag-pet/3.png|/imagens/produtos/chaveiros/1-2-002-chaveiro-slim-smart-nfc-tag-pet/4.png|/imagens/produtos/chaveiros/1-2-002-chaveiro-slim-smart-nfc-tag-pet/5.png|/imagens/produtos/chaveiros/1-2-002-chaveiro-slim-smart-nfc-tag-pet/6.png","","","",""
"1-3-001","Chaveiro Slim Personalizado Nome","Chaveiro","Slim Personalizado","10","Produto em impressão 3D","Personalizado Tamanho: 4-9 cm","/imagens/produtos/chaveiros/1-3-001-chaveiro-slim-personalizado-nome/1.png|/imagens/produtos/chaveiros/1-3-001-chaveiro-slim-personalizado-nome/2.png|/imagens/produtos/chaveiros/1-3-001-chaveiro-slim-personalizado-nome/3.png|/imagens/produtos/chaveiros/1-3-001-chaveiro-slim-personalizado-nome/4.png|/imagens/produtos/chaveiros/1-3-001-chaveiro-slim-personalizado-nome/5.png","Cor da Base","Branco|Preto|Cinza|Amarelo|Azul|Verde|Vermelho|Rosa|Verde Jade|Dourado|Laranja|Roxo","Cor da Nome","Branco|Preto|Cinza|Amarelo|Azul|Verde|Vermelho|Rosa|Verde Jade|Dourado|Laranja|Roxo"
"1-3-002","Chaveiro Slim Personalizado Spotify","Chaveiro","Slim Personalizado","10","Produto em impressão 3D","Personalizado Tamanho: 6 cm","/imagens/produtos/chaveiros/1-3-002-chaveiro-slim-personalizado-spotify/1.png|/imagens/produtos/chaveiros/1-3-002-chaveiro-slim-personalizado-spotify/2.png|/imagens/produtos/chaveiros/1-3-002-chaveiro-slim-personalizado-spotify/3.png|/imagens/produtos/chaveiros/1-3-002-chaveiro-slim-personalizado-spotify/4.png|/imagens/produtos/chaveiros/1-3-002-chaveiro-slim-personalizado-spotify/5.png|/imagens/produtos/chaveiros/1-3-002-chaveiro-slim-personalizado-spotify/6.png|/imagens/produtos/chaveiros/1-3-002-chaveiro-slim-personalizado-spotify/7.png|/imagens/produtos/chaveiros/1-3-002-chaveiro-slim-personalizado-spotify/8.png","","","",""
"1-3-003","Chaveiro Slim Personalizado Camisa Brasil","Chaveiro","Slim Personalizado","10","Produto em impressão 3D","Futebol Tamanho: 6 cm","/imagens/produtos/chaveiros/1-3-003-chaveiro-slim-personalizado-camisa-brasil/1.png","","","",""
"1-4-001","Chaveiro Slim Relevo Corinthians","Chaveiro","Slim Relevo","10","Produto em impressão 3D","Futebol Tamanho: 5,5 cm","/imagens/produtos/chaveiros/1-4-001-chaveiro-slim-relevo-corinthians/1.png","","","",""
"1-4-002","Chaveiro Slim Relevo São Paulo","Chaveiro","Slim Relevo","10","Produto em impressão 3D","Futebol Tamanho: 5,5 cm","/imagens/produtos/chaveiros/1-4-002-chaveiro-slim-relevo-sao-paulo/1.png","","","",""
"1-4-003","Chaveiro Slim Relevo Onze","Chaveiro","Slim Relevo","10","Produto em impressão 3D","Stranger Things Tamanho: 5,5 cm","/imagens/produtos/chaveiros/1-4-003-chaveiro-slim-relevo-onze/1.png","","","",""
"1-4-004","Chaveiro Slim Relevo Vecna","Chaveiro","Slim Relevo","10","Produto em impressão 3D","Stranger Things Tamanho: 5,5 cm","/imagens/produtos/chaveiros/1-4-004-chaveiro-slim-relevo-vecna/1.png","","","",""
"1-4-005","Chaveiro Slim Relevo Demogorgon","Chaveiro","Slim Relevo","10","Produto em impressão 3D","Stranger Things Tamanho: 5,5 cm","/imagens/produtos/chaveiros/1-4-005-chaveiro-slim-relevo-demogorgon/1.png","","","",""
"1-4-006","Chaveiro Slim Relevo Dustin Henderson","Chaveiro","Slim Relevo","10","Produto em impressão 3D","Stranger Things Tamanho: 5,5 cm","/imagens/produtos/chaveiros/1-4-006-chaveiro-slim-relevo-dustin-henderson/1.png","","","",""
"1-4-007","Chaveiro Slim Relevo Jonathan Byers","Chaveiro","Slim Relevo","10","Produto em impressão 3D","Stranger Things Tamanho: 5,5 cm","/imagens/produtos/chaveiros/1-4-007-chaveiro-slim-relevo-jonathan-byers/1.png","","","",""
"1-4-008","Chaveiro Slim Relevo Jim Hopper","Chaveiro","Slim Relevo","10","Produto em impressão 3D","Stranger Things Tamanho: 5,5 cm","/imagens/produtos/chaveiros/1-4-008-chaveiro-slim-relevo-jim-hopper/1.png","","","",""
"1-4-009","Chaveiro Slim Relevo Lucas Sinclair","Chaveiro","Slim Relevo","10","Produto em impressão 3D","Stranger Things Tamanho: 5,5 cm","/imagens/produtos/chaveiros/1-4-009-chaveiro-slim-relevo-lucas-sinclair/1.png","","","",""
"1-4-010","Chaveiro Slim Relevo Mike Wheeler","Chaveiro","Slim Relevo","10","Produto em impressão 3D","Stranger Things Tamanho: 5,5 cm","/imagens/produtos/chaveiros/1-4-010-chaveiro-slim-relevo-mike-wheeler/1.png","","","",""
"1-4-011","Chaveiro Slim Relevo Nancy Wheeler","Chaveiro","Slim Relevo","10","Produto em impressão 3D","Stranger Things Tamanho: 5,5 cm","/imagens/produtos/chaveiros/1-4-011-chaveiro-slim-relevo-nancy-wheeler/1.png","","","",""
"1-4-012","Chaveiro Slim Relevo Stranger Things","Chaveiro","Slim Relevo","10","Produto em impressão 3D","Stranger Things Tamanho: 5,5 cm","/imagens/produtos/chaveiros/1-4-012-chaveiro-slim-relevo-stranger-things/1.png","","","",""
"1-4-013","Chaveiro Slim Relevo Welcome to Hawkins","Chaveiro","Slim Relevo","10","Produto em impressão 3D","Stranger Things Tamanho: 5,5 cm","/imagens/produtos/chaveiros/1-4-013-chaveiro-slim-relevo-welcome-to-hawkins/1.png","","","",""
"1-4-014","Chaveiro Slim Relevo Hellfire Club","Chaveiro","Slim Relevo","10","Produto em impressão 3D","Stranger Things Tamanho: 5,5 cm","/imagens/produtos/chaveiros/1-4-014-chaveiro-slim-relevo-hellfire-club/1.png","","","",""
"1-4-015","Chaveiro Slim Relevo Creel House","Chaveiro","Slim Relevo","10","Produto em impressão 3D","Stranger Things Tamanho: 5,5 cm","/imagens/produtos/chaveiros/1-4-015-chaveiro-slim-relevo-creel-house/1.png","","","",""
"1-4-016","Chaveiro Slim Relevo Bicicletas","Chaveiro","Slim Relevo","10","Produto em impressão 3D","Stranger Things Tamanho: 5,5 cm","/imagens/produtos/chaveiros/1-4-016-chaveiro-slim-relevo-bicicletas/1.png","","","",""
"1-4-017","Chaveiro Slim Relevo Guitarra","Chaveiro","Slim Relevo","10","Produto em impressão 3D","Stranger Things Tamanho: 5,5 cm","/imagens/produtos/chaveiros/1-4-017-chaveiro-slim-relevo-guitarra/1.png","","","",""
"1-5-001","Chaveiro 3D Basic Shakeira","Chaveiro","3D Basic","8","Produto em impressão 3D","Academia Tamanho: 4 cm","/imagens/produtos/chaveiros/1-5-001-chaveiro-3d-basic-shakeira/1.png|/imagens/produtos/chaveiros/1-5-001-chaveiro-3d-basic-shakeira/2.png|/imagens/produtos/chaveiros/1-5-001-chaveiro-3d-basic-shakeira/3.png|/imagens/produtos/chaveiros/1-5-001-chaveiro-3d-basic-shakeira/4.png|/imagens/produtos/chaveiros/1-5-001-chaveiro-3d-basic-shakeira/5.png|/imagens/produtos/chaveiros/1-5-001-chaveiro-3d-basic-shakeira/6.png|/imagens/produtos/chaveiros/1-5-001-chaveiro-3d-basic-shakeira/7.png|/imagens/produtos/chaveiros/1-5-001-chaveiro-3d-basic-shakeira/8.png|/imagens/produtos/chaveiros/1-5-001-chaveiro-3d-basic-shakeira/9.png|/imagens/produtos/chaveiros/1-5-001-chaveiro-3d-basic-shakeira/10.png|/imagens/produtos/chaveiros/1-5-001-chaveiro-3d-basic-shakeira/11.png|/imagens/produtos/chaveiros/1-5-001-chaveiro-3d-basic-shakeira/12.png|/imagens/produtos/chaveiros/1-5-001-chaveiro-3d-basic-shakeira/13.png|/imagens/produtos/chaveiros/1-5-001-chaveiro-3d-basic-shakeira/14.png|/imagens/produtos/chaveiros/1-5-001-chaveiro-3d-basic-shakeira/15.png|/imagens/produtos/chaveiros/1-5-001-chaveiro-3d-basic-shakeira/16.png|/imagens/produtos/chaveiros/1-5-001-chaveiro-3d-basic-shakeira/17.png|/imagens/produtos/chaveiros/1-5-001-chaveiro-3d-basic-shakeira/18.png|/imagens/produtos/chaveiros/1-5-001-chaveiro-3d-basic-shakeira/19.png|/imagens/produtos/chaveiros/1-5-001-chaveiro-3d-basic-shakeira/20.png|/imagens/produtos/chaveiros/1-5-001-chaveiro-3d-basic-shakeira/21.png|/imagens/produtos/chaveiros/1-5-001-chaveiro-3d-basic-shakeira/22.png","Cor da Tampa","Branco|Preto|Cinza|Amarelo|Azul|Verde|Vermelho|Rosa|Verde Jade|Dourado|Laranja|Roxo","Cor da Base","Branco|Preto|Cinza|Amarelo|Azul|Verde|Vermelho|Rosa|Verde Jade|Dourado|Laranja|Roxo"
"1-5-002","Chaveiro 3D Basic Anilha","Chaveiro","3D Basic","8","Produto em impressão 3D","Academia Tamanho: 5 cm","/imagens/produtos/chaveiros/1-5-002-chaveiro-3d-basic-anilha/1.png","","","",""
"1-5-003","Chaveiro 3D Basic Academia Barra Peso","Chaveiro","3D Basic","8","Produto em impressão 3D","Academia Tamanho: 7 cm","/imagens/produtos/chaveiros/1-5-003-chaveiro-3d-basic-academia-barra-peso/1.png","","","",""
"1-5-004","Chaveiro 3D Classic Halter","Chaveiro","3D Basic","8","Produto em impressão 3D","Academia Tamanho: 5 cm","/imagens/produtos/chaveiros/1-5-004-chaveiro-3d-classic-halter/1.png","","","",""
"1-5-005","Chaveiro Gameboy","Chaveiro","3D Basic","8","Produto em impressão 3D","Video-Game Tamanho: 5 cm","/imagens/produtos/chaveiros/1-5-005-chaveiro-gameboy/1.png|/imagens/produtos/chaveiros/1-5-005-chaveiro-gameboy/2.png|/imagens/produtos/chaveiros/1-5-005-chaveiro-gameboy/3.png|/imagens/produtos/chaveiros/1-5-005-chaveiro-gameboy/4.png|/imagens/produtos/chaveiros/1-5-005-chaveiro-gameboy/5.png|/imagens/produtos/chaveiros/1-5-005-chaveiro-gameboy/6.png","","","",""
"1-6-001","Chaveiro 3D Classic TNT Minecraft","Chaveiro","3D Classic","10","Produto em impressão 3D","Minecraft Tamanho: 3 cm","/imagens/produtos/chaveiros/1-6-001-chaveiro-3d-classic-tnt-minecraft/1.png","","","",""
"1-6-002","Chaveiro 3D Classic Pokebola","Chaveiro","3D Classic","10","Produto em impressão 3D","Pokemon Tamanho: 3,5 cm","/imagens/produtos/chaveiros/1-6-002-chaveiro-3d-classic-pokebola/1.png","","","",""
"1-7-001","Chaveiro 3D Spin Brasil","Chaveiro","3D Spin","10","Produto em impressão 3D","Futebol Tamanho: 5 cm","/imagens/produtos/chaveiros/1-7-001-chaveiro-3d-spin-brasil/1.png","","","",""
"1-7-002","Chaveiro 3D Spin São Paulo","Chaveiro","3D Spin","10","Produto em impressão 3D","Futebol Tamanho: 5 cm","/imagens/produtos/chaveiros/1-7-002-chaveiro-3d-spin-sao-paulo/1.png","","","",""
"1-7-003","Chaveiro 3D Spin Corinthians","Chaveiro","3D Spin","10","Produto em impressão 3D","Futebol Tamanho: 5 cm","/imagens/produtos/chaveiros/1-7-003-chaveiro-3d-spin-corinthians/1.png|/imagens/produtos/chaveiros/1-7-003-chaveiro-3d-spin-corinthians/2.png","","","",""
"1-7-004","Chaveiro 3D Spin Flamengo","Chaveiro","3D Spin","10","Produto em impressão 3D","Futebol Tamanho: 5 cm","/imagens/produtos/chaveiros/1-7-004-chaveiro-3d-spin-flamengo/1.png","","","",""
"1-8-001","Chaveiro 3D Mini-Flexi Demogorgon","Chaveiro","3D Mini-Flexi","12","Produto em impressão 3D","Stranger Things Tamanho: 6 cm","/imagens/produtos/chaveiros/1-8-001-chaveiro-3d-mini-flexi-demogorgon/1.png","","","",""
"1-8-002","Chaveiro 3D Mini-Flexi Pinguim","Chaveiro","3D Mini-Flexi","12","Produto em impressão 3D","Animal Tamanho: 6 cm","/imagens/produtos/chaveiros/1-8-002-chaveiro-3d-mini-flexi-pinguim/1.png","","","",""
"1-8-003","Chaveiro 3D Mini-Flexi Coelho","Chaveiro","3D Mini-Flexi","12","Produto em impressão 3D","Animal Tamanho: 6 cm","/imagens/produtos/chaveiros/1-8-003-chaveiro-3d-mini-flexi-coelho/1.png","","","",""
"1-8-004","Chaveiro 3D Mini-Flexi Águia","Chaveiro","3D Mini-Flexi","12","Produto em impressão 3D","Animal Tamanho: 6 cm","/imagens/produtos/chaveiros/1-8-004-chaveiro-3d-mini-flexi-aguia/1.png","","","",""
"1-8-005","Chaveiro 3D Mini-Flexi Albert Einsten","Chaveiro","3D Mini-Flexi","12","Produto em impressão 3D","Tamanho: 6 cm","/imagens/produtos/chaveiros/1-8-005-chaveiro-3d-mini-flexi-albert-einsten/1.png","","","",""
"1-8-006","Chaveiro 3D Mini-Flexi Anjo Dourado","Chaveiro","3D Mini-Flexi","12","Produto em impressão 3D","Tamanho: 6 cm","/imagens/produtos/chaveiros/1-8-006-chaveiro-3d-mini-flexi-anjo-dourado/1.png","","","",""
"1-8-007","Chaveiro 3D Mini-Flexi Astro Bot","Chaveiro","3D Mini-Flexi","12","Produto em impressão 3D","Jogo Tamanho: 6 cm","/imagens/produtos/chaveiros/1-8-007-chaveiro-3d-mini-flexi-astro-bot/1.png","","","",""
"1-8-008","Chaveiro 3D Mini-Flexi Dragão Banguela","Chaveiro","3D Mini-Flexi","12","Produto em impressão 3D","Como Treinar o Seu Dragão Tamanho: 6 cm","/imagens/produtos/chaveiros/1-8-008-chaveiro-3d-mini-flexi-dragao-banguela/1.png","","","",""
"1-8-009","Chaveiro 3D Mini-Flexi Bart Simpson","Chaveiro","3D Mini-Flexi","12","Produto em impressão 3D","Os Simpsons Tamanho: 6 cm","/imagens/produtos/chaveiros/1-8-009-chaveiro-3d-mini-flexi-bart-simpson/1.png","","","",""
"1-8-010","Chaveiro 3D Mini-Flexi Bluey","Chaveiro","3D Mini-Flexi","12","Produto em impressão 3D","Bluey Tamanho: 6 cm","/imagens/produtos/chaveiros/1-8-010-chaveiro-3d-mini-flexi-bluey/1.png","","","",""
"1-8-011","Chaveiro 3D Mini-Flexi Bingo","Chaveiro","3D Mini-Flexi","12","Produto em impressão 3D","Bluey Tamanho: 6 cm","/imagens/produtos/chaveiros/1-8-011-chaveiro-3d-mini-flexi-bingo/1.png","","","",""
"1-8-012","Chaveiro 3D Mini-Flexi Cavalo Triste","Chaveiro","3D Mini-Flexi","12","Produto em impressão 3D","Tamanho: 6 cm","/imagens/produtos/chaveiros/1-8-012-chaveiro-3d-mini-flexi-cavalo-triste/1.png","","","",""
"1-8-013","Chaveiro 3D Mini-Flexi Condorito","Chaveiro","3D Mini-Flexi","12","Produto em impressão 3D","Condorito Tamanho: 6 cm","/imagens/produtos/chaveiros/1-8-013-chaveiro-3d-mini-flexi-condorito/1.png","","","",""
"1-8-014","Chaveiro 3D Mini-Flexi Coração","Chaveiro","3D Mini-Flexi","12","Produto em impressão 3D","Tamanho: 6 cm","/imagens/produtos/chaveiros/1-8-014-chaveiro-3d-mini-flexi-coracao/1.png","","","",""
"1-8-015","Chaveiro 3D Mini-Flexi Creeper","Chaveiro","3D Mini-Flexi","12","Produto em impressão 3D","Minecraft Tamanho: 6 cm","/imagens/produtos/chaveiros/1-8-015-chaveiro-3d-mini-flexi-creeper/1.png","","","",""
"1-8-016","Chaveiro 3D Mini-Flexi Darwin Watterson","Chaveiro","3D Mini-Flexi","12","Produto em impressão 3D","O Incrível Mundo de Gumball Tamanho: 6 cm","/imagens/produtos/chaveiros/1-8-016-chaveiro-3d-mini-flexi-darwin-watterson/1.png","","","",""
"1-8-017","Chaveiro 3D Mini-Flexi Dragão","Chaveiro","3D Mini-Flexi","12","Produto em impressão 3D","Tamanho: 6 cm","/imagens/produtos/chaveiros/1-8-017-chaveiro-3d-mini-flexi-dragao/1.png","","","",""
"1-8-018","Chaveiro 3D Mini-Flexi Enfermeiro","Chaveiro","3D Mini-Flexi","12","Produto em impressão 3D","Tamanho: 6 cm","/imagens/produtos/chaveiros/1-8-018-chaveiro-3d-mini-flexi-enfermeiro/1.png","","","",""
"1-8-019","Chaveiro 3D Mini-Flexi Garfield","Chaveiro","3D Mini-Flexi","12","Produto em impressão 3D","Garfield Tamanho: 6 cm","/imagens/produtos/chaveiros/1-8-019-chaveiro-3d-mini-flexi-garfield/1.png","","","",""
"1-8-021","Chaveiro 3D Mini-Flexi Grinch Coelho","Chaveiro","3D Mini-Flexi","12","Produto em impressão 3D","Grinch Tamanho: 6 cm","/imagens/produtos/chaveiros/1-8-021-chaveiro-3d-mini-flexi-grinch-coelho/1.png|/imagens/produtos/chaveiros/1-8-021-chaveiro-3d-mini-flexi-grinch-coelho/2.png","","","",""
"1-8-022","Chaveiro 3D Mini-Flexi Groot","Chaveiro","3D Mini-Flexi","12","Produto em impressão 3D","Guardiões da Galáxia (Marvel) Tamanho: 6 cm","/imagens/produtos/chaveiros/1-8-022-chaveiro-3d-mini-flexi-groot/1.png","","","",""
"1-8-023","Chaveiro 3D Mini-Flexi Gumball","Chaveiro","3D Mini-Flexi","12","Produto em impressão 3D","O Incrível Mundo de Gumball Tamanho: 6 cm","/imagens/produtos/chaveiros/1-8-023-chaveiro-3d-mini-flexi-gumball/1.png","","","",""
"1-8-024","Chaveiro 3D Mini-Flexi Harry Potter","Chaveiro","3D Mini-Flexi","12","Produto em impressão 3D","Harry Potter (Marvel) Tamanho: 6 cm","/imagens/produtos/chaveiros/1-8-024-chaveiro-3d-mini-flexi-harry-potter/1.png","","","",""
"1-8-025","Chaveiro 3D Mini-Flexi Homem-Aranha","Chaveiro","3D Mini-Flexi","12","Produto em impressão 3D","Homem- Aranha (Marvel) Tamanho: 6 cm","/imagens/produtos/chaveiros/1-8-025-chaveiro-3d-mini-flexi-homem-aranha/1.png","","","",""
"1-8-026","Chaveiro 3D Mini-Flexi Hopers Beavy","Chaveiro","3D Mini-Flexi","12","Produto em impressão 3D","Tamanho: 6 cm","/imagens/produtos/chaveiros/1-8-026-chaveiro-3d-mini-flexi-hopers-beavy/1.png","","","",""
"1-8-028","Chaveiro 3D Mini-Flexi Jesus","Chaveiro","3D Mini-Flexi","12","Produto em impressão 3D","Jesus Tamanho: 6 cm","/imagens/produtos/chaveiros/1-8-028-chaveiro-3d-mini-flexi-jesus/1.png|/imagens/produtos/chaveiros/1-8-028-chaveiro-3d-mini-flexi-jesus/2.png","","","",""
"1-8-029","Chaveiro 3D Mini-Flexi Juan Carlos Badoque","Chaveiro","3D Mini-Flexi","12","Produto em impressão 3D","Tamanho: 6 cm","/imagens/produtos/chaveiros/1-8-029-chaveiro-3d-mini-flexi-juan-carlos-badoque/1.png","","","",""
"1-8-030","Chaveiro 3D Mini-Flexi Leprechaun","Chaveiro","3D Mini-Flexi","12","Produto em impressão 3D","Tamanho: 6 cm","/imagens/produtos/chaveiros/1-8-030-chaveiro-3d-mini-flexi-leprechaun/1.png","","","",""
"1-8-031","Chaveiro 3D Mini-Flexi Luigi","Chaveiro","3D Mini-Flexi","12","Produto em impressão 3D","Mario Tamanho: 6 cm","/imagens/produtos/chaveiros/1-8-031-chaveiro-3d-mini-flexi-luigi/1.png","","","",""
"1-8-032","Chaveiro 3D Mini-Flexi Mafalda","Chaveiro","3D Mini-Flexi","12","Produto em impressão 3D","Tamanho: 6 cm","/imagens/produtos/chaveiros/1-8-032-chaveiro-3d-mini-flexi-mafalda/1.png","","","",""
"1-8-033","Chaveiro 3D Mini-Flexi Mickey Mouse","Chaveiro","3D Mini-Flexi","12","Produto em impressão 3D","Mickey Mouse Tamanho: 6 cm","/imagens/produtos/chaveiros/1-8-033-chaveiro-3d-mini-flexi-mickey-mouse/1.png","","","",""
"1-8-034","Chaveiro 3D Mini-Flexi Mini Dragão","Chaveiro","3D Mini-Flexi","12","Produto em impressão 3D","Tamanho: 6 cm","/imagens/produtos/chaveiros/1-8-034-chaveiro-3d-mini-flexi-mini-dragao/1.png","","","",""
"1-8-035","Chaveiro 3D Mini-Flexi Minions","Chaveiro","3D Mini-Flexi","12","Produto em impressão 3D","Tamanho: 6 cm","/imagens/produtos/chaveiros/1-8-035-chaveiro-3d-mini-flexi-minions/1.png","","","",""
"1-8-036","Chaveiro 3D Mini-Flexi Naruto","Chaveiro","3D Mini-Flexi","12","Produto em impressão 3D","Tamanho: 6 cm","/imagens/produtos/chaveiros/1-8-036-chaveiro-3d-mini-flexi-naruto/1.png","","","",""
"1-8-037","Chaveiro 3D Mini-Flexi Pequeno Prìncipe","Chaveiro","3D Mini-Flexi","12","Produto em impressão 3D","Tamanho: 6 cm","/imagens/produtos/chaveiros/1-8-037-chaveiro-3d-mini-flexi-pequeno-principe/1.png","","","",""
"1-8-038","Chaveiro 3D Mini-Flexi Pikachu","Chaveiro","3D Mini-Flexi","12","Produto em impressão 3D","Pokemon Tamanho: 6 cm","/imagens/produtos/chaveiros/1-8-038-chaveiro-3d-mini-flexi-pikachu/1.png","","","",""
"1-8-039","Chaveiro 3D Mini-Flexi Pocoyo","Chaveiro","3D Mini-Flexi","12","Produto em impressão 3D","Tamanho: 6 cm","/imagens/produtos/chaveiros/1-8-039-chaveiro-3d-mini-flexi-pocoyo/1.png","","","",""
"1-8-040","Chaveiro 3D Mini-Flexi Ursinho Pooh","Chaveiro","3D Mini-Flexi","12","Produto em impressão 3D","Tamanho: 6 cm","/imagens/produtos/chaveiros/1-8-040-chaveiro-3d-mini-flexi-ursinho-pooh/1.png","","","",""
"1-8-041","Chaveiro 3D Mini-Flexi Porco Maluco","Chaveiro","3D Mini-Flexi","12","Produto em impressão 3D","Animais Tamanho: 6 cm","/imagens/produtos/chaveiros/1-8-041-chaveiro-3d-mini-flexi-porco-maluco/1.png","","","",""
"1-8-042","Chaveiro 3D Mini-Flexi Punch Monkey","Chaveiro","3D Mini-Flexi","12","Produto em impressão 3D","Animais Tamanho: 6 cm","/imagens/produtos/chaveiros/1-8-042-chaveiro-3d-mini-flexi-punch-monkey/1.png","","","",""
"1-8-043","Chaveiro 3D Mini-Flexi Richard Watterson","Chaveiro","3D Mini-Flexi","12","Produto em impressão 3D","O Incrível Mundo de Gumball Tamanho: 6 cm","/imagens/produtos/chaveiros/1-8-043-chaveiro-3d-mini-flexi-richard-watterson/1.png","","","",""
"1-8-044","Chaveiro 3D Mini-Flexi Goku","Chaveiro","3D Mini-Flexi","12","Produto em impressão 3D","Dragon ball Tamanho: 6 cm","/imagens/produtos/chaveiros/1-8-044-chaveiro-3d-mini-flexi-goku/1.png","","","",""
"1-8-045","Chaveiro 3D Mini-Flexi Satoru Gojo","Chaveiro","3D Mini-Flexi","12","Produto em impressão 3D","Jujutsu Kaisen Tamanho: 6 cm","/imagens/produtos/chaveiros/1-8-045-chaveiro-3d-mini-flexi-satoru-gojo/1.png","","","",""
"1-8-046","Chaveiro 3D Mini-Flexi Shaun Carneiro","Chaveiro","3D Mini-Flexi","12","Produto em impressão 3D","Animal Tamanho: 6 cm","/imagens/produtos/chaveiros/1-8-046-chaveiro-3d-mini-flexi-shaun-carneiro/1.png","","","",""
"1-8-047","Chaveiro 3D Mini-Flexi Smurf","Chaveiro","3D Mini-Flexi","12","Produto em impressão 3D","Tamanho: 6 cm","/imagens/produtos/chaveiros/1-8-047-chaveiro-3d-mini-flexi-smurf/1.png","","","",""
"1-8-048","Chaveiro 3D Mini-Flexi Soldado do Amor","Chaveiro","3D Mini-Flexi","12","Produto em impressão 3D","Tamanho: 6 cm","/imagens/produtos/chaveiros/1-8-048-chaveiro-3d-mini-flexi-soldado-do-amor/1.png","","","",""
"1-8-049","Chaveiro 3D Mini-Flexi Stitch","Chaveiro","3D Mini-Flexi","12","Produto em impressão 3D","Tamanho: 6 cm","/imagens/produtos/chaveiros/1-8-049-chaveiro-3d-mini-flexi-stitch/1.png","","","",""
"1-8-050","Chaveiro 3D Mini-Flexi Vaca Highland","Chaveiro","3D Mini-Flexi","12","Produto em impressão 3D","Animal Tamanho: 6 cm","/imagens/produtos/chaveiros/1-8-050-chaveiro-3d-mini-flexi-vaca-highland/1.png","","","",""
"1-8-051","Chaveiro 3D Mini-Flexi Zeca Britto","Chaveiro","3D Mini-Flexi","12","Produto em impressão 3D","Animal Tamanho: 6 cm","/imagens/produtos/chaveiros/1-8-051-chaveiro-3d-mini-flexi-zeca-britto/1.png","","","",""
"1-8-052","Chaveiro 3D Mini-Flexi Abelha","Chaveiro","3D Mini-Flexi","12","Produto em impressão 3D","Animal Tamanho: 6 cm","/imagens/produtos/chaveiros/1-8-052-chaveiro-3d-mini-flexi-abelha/1.png","","","",""
"1-8-053","Chaveiro 3D Mini-Flexi Baleia","Chaveiro","3D Mini-Flexi","12","Produto em impressão 3D","Animal Tamanho: 6 cm","/imagens/produtos/chaveiros/1-8-053-chaveiro-3d-mini-flexi-baleia/1.png","","","",""
"1-8-054","Chaveiro 3D Mini-Flexi Tubarão","Chaveiro","3D Mini-Flexi","12","Produto em impressão 3D","Animal Tamanho: 6 cm","/imagens/produtos/chaveiros/1-8-054-chaveiro-3d-mini-flexi-tubarao/1.png","","","",""
"2-1-001","Imã Chapéu Seletor","Decoração","Imãs","0","Produto em impressão 3D","","/imagens/produtos/decoracoes/2-1-001-ima-chapeu-seletor/1.png","","","",""
"2-1-002","Imã Ladrão Harry","Decoração","Imãs","0","Produto em impressão 3D","","/imagens/produtos/decoracoes/2-1-002-ima-ladrao-harry/1.png","","","",""
"2-1-003","Imã Kevin","Decoração","Imãs","0","Produto em impressão 3D","","/imagens/produtos/decoracoes/2-1-003-ima-kevin/1.png","","","",""
"2-1-004","Imã Ladrão Marv","Decoração","Imãs","0","Produto em impressão 3D","","/imagens/produtos/decoracoes/2-1-004-ima-ladrao-marv/1.png","","","",""
"2-1-005","Imã Sam","Decoração","Imãs","0","Produto em impressão 3D","","/imagens/produtos/decoracoes/2-1-005-ima-sam/1.png","","","",""
"2-1-006","Imã Sem Rosto","Decoração","Imãs","0","Produto em impressão 3D","","/imagens/produtos/decoracoes/2-1-006-ima-sem-rosto/1.png","","","",""
"2-1-007","Imã Coraline","Decoração","Imãs","0","Produto em impressão 3D","","/imagens/produtos/decoracoes/2-1-007-ima-coraline/1.png","","","",""
"2-1-008","Imã Duende Verde","Decoração","Imãs","0","Produto em impressão 3D","","/imagens/produtos/decoracoes/2-1-008-ima-duende-verde/1.png","","","",""
"2-1-009","Imã Homem-Aranha","Decoração","Imãs","0","Produto em impressão 3D","","/imagens/produtos/decoracoes/2-1-009-ima-homem-aranha/1.png","","","",""
"2-1-010","Imã Venom","Decoração","Imãs","0","Produto em impressão 3D","","/imagens/produtos/decoracoes/2-1-010-ima-venom/1.png","","","",""
"2-1-011","Imã Zeus","Decoração","Imãs","0","Produto em impressão 3D","","/imagens/produtos/decoracoes/2-1-011-ima-zeus/1.png","","","",""
"2-1-012","Imã Minotauro","Decoração","Imãs","0","Produto em impressão 3D","","/imagens/produtos/decoracoes/2-1-012-ima-minotauro/1.png","","","",""
"2-1-013","Imã Medusa","Decoração","Imãs","0","Produto em impressão 3D","","/imagens/produtos/decoracoes/2-1-013-ima-medusa/1.png","","","",""
"2-1-014","Imã Zero","Decoração","Imãs","0","Produto em impressão 3D","","/imagens/produtos/decoracoes/2-1-014-ima-zero/1.png","","","",""
"2-1-015","Imã Predator","Decoração","Imãs","0","Produto em impressão 3D","","/imagens/produtos/decoracoes/2-1-015-ima-predator/1.png","","","",""
"2-1-016","Imã Chucky","Decoração","Imãs","0","Produto em impressão 3D","","/imagens/produtos/decoracoes/2-1-016-ima-chucky/1.png","","","",""
"2-1-017","Imã C-3PO","Decoração","Imãs","0","Produto em impressão 3D","","/imagens/produtos/decoracoes/2-1-017-ima-c-3po/1.png","","","",""
"2-1-018","Imã Jabba The Hutt","Decoração","Imãs","0","Produto em impressão 3D","","/imagens/produtos/decoracoes/2-1-018-ima-jabba-the-hutt/1.png","","","",""
"2-1-019","Imã Boba Fett","Decoração","Imãs","0","Produto em impressão 3D","","/imagens/produtos/decoracoes/2-1-019-ima-boba-fett/1.png","","","",""
"2-1-020","Imã Chewbacca","Decoração","Imãs","0","Produto em impressão 3D","","/imagens/produtos/decoracoes/2-1-020-ima-chewbacca/1.png","","","",""
"2-1-021","Imã Stormtrooper","Decoração","Imãs","0","Produto em impressão 3D","","/imagens/produtos/decoracoes/2-1-021-ima-stormtrooper/1.png","","","",""
"2-1-022","Imã Darth Maul","Decoração","Imãs","0","Produto em impressão 3D","","/imagens/produtos/decoracoes/2-1-022-ima-darth-maul/1.png","","","",""
"2-1-023","Imã Darth Vader","Decoração","Imãs","0","Produto em impressão 3D","","/imagens/produtos/decoracoes/2-1-023-ima-darth-vader/1.png","","","",""
"2-1-024","Imã R2-D2","Decoração","Imãs","0","Produto em impressão 3D","","/imagens/produtos/decoracoes/2-1-024-ima-r2-d2/1.png","","","",""
"2-1-025","Imã Yoda","Decoração","Imãs","0","Produto em impressão 3D","","/imagens/produtos/decoracoes/2-1-025-ima-yoda/1.png","","","",""
"2-1-026","Imã Freddy Krueger","Decoração","Imãs","0","Produto em impressão 3D","","/imagens/produtos/decoracoes/2-1-026-ima-freddy-krueger/1.png","","","",""
"2-1-027","Imã Jason","Decoração","Imãs","0","Produto em impressão 3D","","/imagens/produtos/decoracoes/2-1-027-ima-jason/1.png","","","",""
"2-1-028","Imã Jack Skellington","Decoração","Imãs","0","Produto em impressão 3D","","/imagens/produtos/decoracoes/2-1-028-ima-jack-skellington/1.png","","","",""
"2-1-029","Imã Beetlejuice","Decoração","Imãs","0","Produto em impressão 3D","","/imagens/produtos/decoracoes/2-1-029-ima-beetlejuice/1.png","","","",""
"2-1-030","Imã Ghostface","Decoração","Imãs","0","Produto em impressão 3D","","/imagens/produtos/decoracoes/2-1-030-ima-ghostface/1.png","","","",""
"2-1-031","Imã Edward Mãos de Tesoura","Decoração","Imãs","0","Produto em impressão 3D","","/imagens/produtos/decoracoes/2-1-031-ima-edward-maos-de-tesoura/1.png","","","",""
"2-1-032","Imã Pennywise","Decoração","Imãs","0","Produto em impressão 3D","","/imagens/produtos/decoracoes/2-1-032-ima-pennywise/1.png","","","",""
"2-1-033","Imã Xenomorfo","Decoração","Imãs","0","Produto em impressão 3D","","/imagens/produtos/decoracoes/2-1-033-ima-xenomorfo/1.png","","","",""
"2-1-034","Imã Coringa","Decoração","Imãs","0","Produto em impressão 3D","","/imagens/produtos/decoracoes/2-1-034-ima-coringa/1.png","","","",""
"2-1-035","Imã Billy","Decoração","Imãs","0","Produto em impressão 3D","","/imagens/produtos/decoracoes/2-1-035-ima-billy/1.png","","","",""
"2-1-036","Imã Sally","Decoração","Imãs","0","Produto em impressão 3D","","/imagens/produtos/decoracoes/2-1-036-ima-sally/1.png","","","",""
"2-1-037","Imã Drácula","Decoração","Imãs","0","Produto em impressão 3D","","/imagens/produtos/decoracoes/2-1-037-ima-dracula/1.png","","","",""
"2-1-038","Imã Michael Myers","Decoração","Imãs","0","Produto em impressão 3D","","/imagens/produtos/decoracoes/2-1-038-ima-michael-myers/1.png","","","",""
"2-1-039","Imã Oogie Boogie","Decoração","Imãs","0","Produto em impressão 3D","","/imagens/produtos/decoracoes/2-1-039-ima-oogie-boogie/1.png","","","",""
"2-1-040","Imã Cthulhu","Decoração","Imãs","0","Produto em impressão 3D","","/imagens/produtos/decoracoes/2-1-040-ima-cthulhu/1.png","","","",""
"2-1-041","Imã Frankenstein","Decoração","Imãs","0","Produto em impressão 3D","","/imagens/produtos/decoracoes/2-1-041-ima-frankenstein/1.png","","","",""
"2-1-042","Imã Leatherface","Decoração","Imãs","0","Produto em impressão 3D","","/imagens/produtos/decoracoes/2-1-042-ima-leatherface/1.png","","","",""
"2-1-043","Imã Art The Clown","Decoração","Imãs","0","Produto em impressão 3D","","/imagens/produtos/decoracoes/2-1-043-ima-art-the-clown/1.png","","","",""
"2-1-044","Imã Batman","Decoração","Imãs","0","Produto em impressão 3D","","/imagens/produtos/decoracoes/2-1-044-ima-batman/1.png","","","",""
"2-1-045","Imã Arlequina","Decoração","Imãs","0","Produto em impressão 3D","","/imagens/produtos/decoracoes/2-1-045-ima-arlequina/1.png","","","",""
"2-1-046","Imã Hera Venenosa","Decoração","Imãs","0","Produto em impressão 3D","","/imagens/produtos/decoracoes/2-1-046-ima-hera-venenosa/1.png","","","",""
"2-1-047","Imã Triângulo","Decoração","Imãs","0","Produto em impressão 3D","","/imagens/produtos/decoracoes/2-1-047-ima-triangulo/1.png","","","",""
"2-1-048","Imã Circulo","Decoração","Imãs","0","Produto em impressão 3D","","/imagens/produtos/decoracoes/2-1-048-ima-circulo/1.png","","","",""
"2-1-049","Imã Quadrado","Decoração","Imãs","0","Produto em impressão 3D","","/imagens/produtos/decoracoes/2-1-049-ima-quadrado/1.png","","","",""
"2-1-050","Imã Casal","Decoração","Imãs","0","Produto em impressão 3D","","/imagens/produtos/decoracoes/2-1-050-ima-casal/1.png","","","",""
"2-1-051","Imã Punch Monkey","Decoração","Imãs","0","Produto em impressão 3D","","/imagens/produtos/decoracoes/2-1-051-ima-punch-monkey/1.png","","","",""
"2-1-052","Imã Coelho Agente Secreto","Decoração","Imãs","0","Produto em impressão 3D","","/imagens/produtos/decoracoes/2-1-052-ima-coelho-agente-secreto/1.png","","","",""
"2-1-053","Imã Coelho de Óculos","Decoração","Imãs","0","Produto em impressão 3D","","/imagens/produtos/decoracoes/2-1-053-ima-coelho-de-oculos/1.png","","","",""
"2-1-054","Imã Coelho na Cartola","Decoração","Imãs","0","Produto em impressão 3D","","/imagens/produtos/decoracoes/2-1-054-ima-coelho-na-cartola/1.png","","","",""
"2-1-055","Imã Coelho Camuflado","Decoração","Imãs","0","Produto em impressão 3D","","/imagens/produtos/decoracoes/2-1-055-ima-coelho-camuflado/1.png","","","",""
"2-1-056","Imã Coelho Moai","Decoração","Imãs","0","Produto em impressão 3D","","/imagens/produtos/decoracoes/2-1-056-ima-coelho-moai/1.png","","","",""
"2-1-057","Imã Coelho Relaxado","Decoração","Imãs","0","Produto em impressão 3D","","/imagens/produtos/decoracoes/2-1-057-ima-coelho-relaxado/1.png","","","",""
"2-1-058","Imã Coelho Pintor","Decoração","Imãs","0","Produto em impressão 3D","","/imagens/produtos/decoracoes/2-1-058-ima-coelho-pintor/1.png","","","",""
"2-1-059","Imã Coelho Fofo","Decoração","Imãs","0","Produto em impressão 3D","","/imagens/produtos/decoracoes/2-1-059-ima-coelho-fofo/1.png","","","",""
"2-1-060","Imã Pintinho","Decoração","Imãs","0","Produto em impressão 3D","","/imagens/produtos/decoracoes/2-1-060-ima-pintinho/1.png","","","",""
"2-1-061","Imã Zumbi","Decoração","Imãs","0","Produto em impressão 3D","","/imagens/produtos/decoracoes/2-1-061-ima-zumbi/1.png","","","",""
"2-1-062","Imã Múmia","Decoração","Imãs","0","Produto em impressão 3D","","/imagens/produtos/decoracoes/2-1-062-ima-mumia/1.png","","","",""
"2-1-063","Imã Morcego","Decoração","Imãs","0","Produto em impressão 3D","","/imagens/produtos/decoracoes/2-1-063-ima-morcego/1.png","","","",""
"2-1-064","Imã Aranha","Decoração","Imãs","0","Produto em impressão 3D","","/imagens/produtos/decoracoes/2-1-064-ima-aranha/1.png","","","",""
"2-1-065","Imã Game Over","Decoração","Imãs","0","Produto em impressão 3D","","/imagens/produtos/decoracoes/2-1-065-ima-game-over/1.png","","","",""
"2-2-001","Miniatura Batman","Decoração","Miniaturas","0","Produto em impressão 3D","","/imagens/produtos/decoracoes/2-2-001-miniatura-batman/1.png|/imagens/produtos/decoracoes/2-2-001-miniatura-batman/2.png|/imagens/produtos/decoracoes/2-2-001-miniatura-batman/3.png|/imagens/produtos/decoracoes/2-2-001-miniatura-batman/4.png","","","",""
"2-2-002","Miniatura Batman Bravo","Decoração","Miniaturas","0","Produto em impressão 3D","","/imagens/produtos/decoracoes/2-2-002-miniatura-batman-bravo/1.png|/imagens/produtos/decoracoes/2-2-002-miniatura-batman-bravo/2.png|/imagens/produtos/decoracoes/2-2-002-miniatura-batman-bravo/3.png","","","",""
"2-2-003","Miniatura Dragão Banguela","Decoração","Miniaturas","0","Produto em impressão 3D","","/imagens/produtos/decoracoes/2-2-003-miniatura-dragao-banguela/1.png|/imagens/produtos/decoracoes/2-2-003-miniatura-dragao-banguela/2.png","","","",""
"2-2-004","Miniatura A Freira","Decoração","Miniaturas","0","Produto em impressão 3D","","/imagens/produtos/decoracoes/2-2-004-miniatura-a-freira/1.png|/imagens/produtos/decoracoes/2-2-004-miniatura-a-freira/2.png|/imagens/produtos/decoracoes/2-2-004-miniatura-a-freira/3.png|/imagens/produtos/decoracoes/2-2-004-miniatura-a-freira/4.png","","","",""
"2-2-005","Miniatura Chucky","Decoração","Miniaturas","0","Produto em impressão 3D","","/imagens/produtos/decoracoes/2-2-005-miniatura-chucky/1.png|/imagens/produtos/decoracoes/2-2-005-miniatura-chucky/2.png|/imagens/produtos/decoracoes/2-2-005-miniatura-chucky/3.png|/imagens/produtos/decoracoes/2-2-005-miniatura-chucky/4.png","","","",""
"2-2-006","Miniatura Tiffany","Decoração","Miniaturas","0","Produto em impressão 3D","","/imagens/produtos/decoracoes/2-2-006-miniatura-tiffany/1.png|/imagens/produtos/decoracoes/2-2-006-miniatura-tiffany/2.png|/imagens/produtos/decoracoes/2-2-006-miniatura-tiffany/3.png|/imagens/produtos/decoracoes/2-2-006-miniatura-tiffany/4.png","","","",""
"2-2-007","Miniatura Freddy Krueger","Decoração","Miniaturas","0","Produto em impressão 3D","","/imagens/produtos/decoracoes/2-2-007-miniatura-freddy-krueger/1.png|/imagens/produtos/decoracoes/2-2-007-miniatura-freddy-krueger/2.png|/imagens/produtos/decoracoes/2-2-007-miniatura-freddy-krueger/3.png|/imagens/produtos/decoracoes/2-2-007-miniatura-freddy-krueger/4.png","","","",""
"2-2-008","Miniatura Ghostface","Decoração","Miniaturas","0","Produto em impressão 3D","","/imagens/produtos/decoracoes/2-2-008-miniatura-ghostface/1.png|/imagens/produtos/decoracoes/2-2-008-miniatura-ghostface/2.png|/imagens/produtos/decoracoes/2-2-008-miniatura-ghostface/3.png|/imagens/produtos/decoracoes/2-2-008-miniatura-ghostface/4.png","","","",""
"2-2-009","Miniatura Jason","Decoração","Miniaturas","0","Produto em impressão 3D","","/imagens/produtos/decoracoes/2-2-009-miniatura-jason/1.png|/imagens/produtos/decoracoes/2-2-009-miniatura-jason/2.png|/imagens/produtos/decoracoes/2-2-009-miniatura-jason/3.png","","","",""
"2-2-010","Miniatura Jigsaw","Decoração","Miniaturas","0","Produto em impressão 3D","","/imagens/produtos/decoracoes/2-2-010-miniatura-jigsaw/1.png|/imagens/produtos/decoracoes/2-2-010-miniatura-jigsaw/2.png|/imagens/produtos/decoracoes/2-2-010-miniatura-jigsaw/3.png","","","",""
"2-2-011","Miniatura Michael Myers","Decoração","Miniaturas","0","Produto em impressão 3D","","/imagens/produtos/decoracoes/2-2-011-miniatura-michael-myers/1.png|/imagens/produtos/decoracoes/2-2-011-miniatura-michael-myers/2.png|/imagens/produtos/decoracoes/2-2-011-miniatura-michael-myers/3.png","","","",""
"2-2-012","Miniatura Pennywise","Decoração","Miniaturas","0","Produto em impressão 3D","","/imagens/produtos/decoracoes/2-2-012-miniatura-pennywise/1.png|/imagens/produtos/decoracoes/2-2-012-miniatura-pennywise/2.png|/imagens/produtos/decoracoes/2-2-012-miniatura-pennywise/3.png|/imagens/produtos/decoracoes/2-2-012-miniatura-pennywise/4.png","","","",""
"2-2-013","Miniatura Pescador","Decoração","Miniaturas","0","Produto em impressão 3D","","/imagens/produtos/decoracoes/2-2-013-miniatura-pescador/1.png|/imagens/produtos/decoracoes/2-2-013-miniatura-pescador/2.png","","","",""
"2-2-014","Miniatura Mickey Mouse","Decoração","Miniaturas","0","Produto em impressão 3D","","/imagens/produtos/decoracoes/2-2-014-miniatura-mickey-mouse/1.png|/imagens/produtos/decoracoes/2-2-014-miniatura-mickey-mouse/2.png|/imagens/produtos/decoracoes/2-2-014-miniatura-mickey-mouse/3.png","","","",""
"2-2-015","Miniatura Minnie Mouse","Decoração","Miniaturas","0","Produto em impressão 3D","","/imagens/produtos/decoracoes/2-2-015-miniatura-minnie-mouse/1.png|/imagens/produtos/decoracoes/2-2-015-miniatura-minnie-mouse/2.png","","","",""
"2-2-016","Miniatura Bebê Mickey","Decoração","Miniaturas","0","Produto em impressão 3D","","/imagens/produtos/decoracoes/2-2-016-miniatura-bebe-mickey/1.png|/imagens/produtos/decoracoes/2-2-016-miniatura-bebe-mickey/2.png","","","",""
"2-2-017","Miniatura Bebê Minnie","Decoração","Miniaturas","0","Produto em impressão 3D","","/imagens/produtos/decoracoes/2-2-017-miniatura-bebe-minnie/1.png|/imagens/produtos/decoracoes/2-2-017-miniatura-bebe-minnie/2.png|/imagens/produtos/decoracoes/2-2-017-miniatura-bebe-minnie/3.png","","","",""
"2-2-018","Miniatura Front Man","Decoração","Miniaturas","0","Produto em impressão 3D","","/imagens/produtos/decoracoes/2-2-018-miniatura-front-man/1.png|/imagens/produtos/decoracoes/2-2-018-miniatura-front-man/2.png","","","",""
"2-2-019","Miniatura Círculo","Decoração","Miniaturas","0","Produto em impressão 3D","","/imagens/produtos/decoracoes/2-2-019-miniatura-circulo/1.png|/imagens/produtos/decoracoes/2-2-019-miniatura-circulo/2.png|/imagens/produtos/decoracoes/2-2-019-miniatura-circulo/3.png","","","",""
"2-2-020","Miniatura Triângulo","Decoração","Miniaturas","0","Produto em impressão 3D","","/imagens/produtos/decoracoes/2-2-020-miniatura-triangulo/1.png|/imagens/produtos/decoracoes/2-2-020-miniatura-triangulo/2.png|/imagens/produtos/decoracoes/2-2-020-miniatura-triangulo/3.png","","","",""
"2-2-021","Miniatura Quadrado","Decoração","Miniaturas","0","Produto em impressão 3D","","/imagens/produtos/decoracoes/2-2-021-miniatura-quadrado/1.png|/imagens/produtos/decoracoes/2-2-021-miniatura-quadrado/2.png|/imagens/produtos/decoracoes/2-2-021-miniatura-quadrado/3.png","","","",""
"2-2-023","Miniatura Donald","Decoração","Miniaturas","0","Produto em impressão 3D","","/imagens/produtos/decoracoes/2-2-023-miniatura-donald/1.png|/imagens/produtos/decoracoes/2-2-023-miniatura-donald/2.png","","","",""
"2-2-024","Miniatura Margarida","Decoração","Miniaturas","0","Produto em impressão 3D","","/imagens/produtos/decoracoes/2-2-024-miniatura-margarida/1.png|/imagens/produtos/decoracoes/2-2-024-miniatura-margarida/2.png","","","",""
"2-2-025","Miniatura Huguinho","Decoração","Miniaturas","0","Produto em impressão 3D","","/imagens/produtos/decoracoes/2-2-025-miniatura-huguinho/1.png|/imagens/produtos/decoracoes/2-2-025-miniatura-huguinho/2.png|/imagens/produtos/decoracoes/2-2-025-miniatura-huguinho/3.png","","","",""
"2-2-026","Miniatura Luizinho","Decoração","Miniaturas","0","Produto em impressão 3D","","/imagens/produtos/decoracoes/2-2-026-miniatura-luizinho/1.png|/imagens/produtos/decoracoes/2-2-026-miniatura-luizinho/2.png|/imagens/produtos/decoracoes/2-2-026-miniatura-luizinho/3.png","","","",""
"2-2-027","Miniatura Zezinho","Decoração","Miniaturas","0","Produto em impressão 3D","","/imagens/produtos/decoracoes/2-2-027-miniatura-zezinho/1.png|/imagens/produtos/decoracoes/2-2-027-miniatura-zezinho/2.png|/imagens/produtos/decoracoes/2-2-027-miniatura-zezinho/3.png","","","",""
"2-2-028","Miniatura Pateta","Decoração","Miniaturas","0","Produto em impressão 3D","","/imagens/produtos/decoracoes/2-2-028-miniatura-pateta/1.png|/imagens/produtos/decoracoes/2-2-028-miniatura-pateta/2.png|/imagens/produtos/decoracoes/2-2-028-miniatura-pateta/3.png","","","",""
"2-2-029","Miniatura Max Pateta","Decoração","Miniaturas","0","Produto em impressão 3D","","/imagens/produtos/decoracoes/2-2-029-miniatura-max-pateta/1.png|/imagens/produtos/decoracoes/2-2-029-miniatura-max-pateta/2.png|/imagens/produtos/decoracoes/2-2-029-miniatura-max-pateta/3.png","","","",""
"2-2-030","Miniatura Pluto","Decoração","Miniaturas","0","Produto em impressão 3D","","/imagens/produtos/decoracoes/2-2-030-miniatura-pluto/1.png|/imagens/produtos/decoracoes/2-2-030-miniatura-pluto/2.png|/imagens/produtos/decoracoes/2-2-030-miniatura-pluto/3.png|/imagens/produtos/decoracoes/2-2-030-miniatura-pluto/4.png","","","",""
"2-2-031","Miniatura Clarabela","Decoração","Miniaturas","0","Produto em impressão 3D","","/imagens/produtos/decoracoes/2-2-031-miniatura-clarabela/1.png|/imagens/produtos/decoracoes/2-2-031-miniatura-clarabela/2.png|/imagens/produtos/decoracoes/2-2-031-miniatura-clarabela/3.png","","","",""
"2-2-032","Miniatura Annabelle","Decoração","Miniaturas","0","Produto em impressão 3D","","/imagens/produtos/decoracoes/2-2-032-miniatura-annabelle/1.png|/imagens/produtos/decoracoes/2-2-032-miniatura-annabelle/2.png|/imagens/produtos/decoracoes/2-2-032-miniatura-annabelle/3.png|/imagens/produtos/decoracoes/2-2-032-miniatura-annabelle/4.png","","","",""
"2-2-033","Miniatura Art The Clown","Decoração","Miniaturas","0","Produto em impressão 3D","","/imagens/produtos/decoracoes/2-2-033-miniatura-art-the-clown/1.png|/imagens/produtos/decoracoes/2-2-033-miniatura-art-the-clown/2.png|/imagens/produtos/decoracoes/2-2-033-miniatura-art-the-clown/3.png|/imagens/produtos/decoracoes/2-2-033-miniatura-art-the-clown/4.png","","","",""
"2-2-034","Miniatura Beetlejuice","Decoração","Miniaturas","0","Produto em impressão 3D","","/imagens/produtos/decoracoes/2-2-034-miniatura-beetlejuice/1.png|/imagens/produtos/decoracoes/2-2-034-miniatura-beetlejuice/2.png|/imagens/produtos/decoracoes/2-2-034-miniatura-beetlejuice/3.png|/imagens/produtos/decoracoes/2-2-034-miniatura-beetlejuice/4.png","","","",""
"2-2-035","Miniatura Frankenstein","Decoração","Miniaturas","0","Produto em impressão 3D","","/imagens/produtos/decoracoes/2-2-035-miniatura-frankenstein/1.png|/imagens/produtos/decoracoes/2-2-035-miniatura-frankenstein/2.png|/imagens/produtos/decoracoes/2-2-035-miniatura-frankenstein/3.png|/imagens/produtos/decoracoes/2-2-035-miniatura-frankenstein/4.png","","","",""
"2-2-036","Miniatura Hollow Knight","Decoração","Miniaturas","0","Produto em impressão 3D","","/imagens/produtos/decoracoes/2-2-036-miniatura-hollow-knight/1.png|/imagens/produtos/decoracoes/2-2-036-miniatura-hollow-knight/2.png|/imagens/produtos/decoracoes/2-2-036-miniatura-hollow-knight/3.png|/imagens/produtos/decoracoes/2-2-036-miniatura-hollow-knight/4.png","","","",""
"2-2-037","Miniatura Sam","Decoração","Miniaturas","0","Produto em impressão 3D","","/imagens/produtos/decoracoes/2-2-037-miniatura-sam/1.png|/imagens/produtos/decoracoes/2-2-037-miniatura-sam/2.png|/imagens/produtos/decoracoes/2-2-037-miniatura-sam/3.png|/imagens/produtos/decoracoes/2-2-037-miniatura-sam/4.png","","","",""
"2-2-038","Miniatura V de Vingança","Decoração","Miniaturas","0","Produto em impressão 3D","","/imagens/produtos/decoracoes/2-2-038-miniatura-v-de-vinganca/1.png|/imagens/produtos/decoracoes/2-2-038-miniatura-v-de-vinganca/2.png|/imagens/produtos/decoracoes/2-2-038-miniatura-v-de-vinganca/3.png|/imagens/produtos/decoracoes/2-2-038-miniatura-v-de-vinganca/4.png","","","",""
"2-2-039","Miniatura Médico da Peste","Decoração","Miniaturas","0","Produto em impressão 3D","","/imagens/produtos/decoracoes/2-2-039-miniatura-medico-da-peste/1.png|/imagens/produtos/decoracoes/2-2-039-miniatura-medico-da-peste/2.png|/imagens/produtos/decoracoes/2-2-039-miniatura-medico-da-peste/3.png|/imagens/produtos/decoracoes/2-2-039-miniatura-medico-da-peste/4.png","","","",""
"2-2-040","Miniatura Fantasma","Decoração","Miniaturas","0","Produto em impressão 3D","","/imagens/produtos/decoracoes/2-2-040-miniatura-fantasma/1.png|/imagens/produtos/decoracoes/2-2-040-miniatura-fantasma/2.png|/imagens/produtos/decoracoes/2-2-040-miniatura-fantasma/3.png|/imagens/produtos/decoracoes/2-2-040-miniatura-fantasma/4.png","","","",""
"2-2-041","Miniatura Bob Esponja","Decoração","Miniaturas","0","Produto em impressão 3D","","/imagens/produtos/decoracoes/2-2-041-miniatura-bob-esponja/1.png|/imagens/produtos/decoracoes/2-2-041-miniatura-bob-esponja/2.png|/imagens/produtos/decoracoes/2-2-041-miniatura-bob-esponja/3.png|/imagens/produtos/decoracoes/2-2-041-miniatura-bob-esponja/4.png","","","",""
"2-2-042","Miniatura Patrick","Decoração","Miniaturas","0","Produto em impressão 3D","","/imagens/produtos/decoracoes/2-2-042-miniatura-patrick/1.png|/imagens/produtos/decoracoes/2-2-042-miniatura-patrick/2.png|/imagens/produtos/decoracoes/2-2-042-miniatura-patrick/3.png|/imagens/produtos/decoracoes/2-2-042-miniatura-patrick/4.png","","","",""
"2-2-043","Miniatura Sirigueijo","Decoração","Miniaturas","0","Produto em impressão 3D","","/imagens/produtos/decoracoes/2-2-043-miniatura-sirigueijo/1.png|/imagens/produtos/decoracoes/2-2-043-miniatura-sirigueijo/2.png|/imagens/produtos/decoracoes/2-2-043-miniatura-sirigueijo/3.png|/imagens/produtos/decoracoes/2-2-043-miniatura-sirigueijo/4.png","","","",""
"2-2-044","Miniatura Plankton","Decoração","Miniaturas","0","Produto em impressão 3D","","/imagens/produtos/decoracoes/2-2-044-miniatura-plankton/1.png|/imagens/produtos/decoracoes/2-2-044-miniatura-plankton/2.png|/imagens/produtos/decoracoes/2-2-044-miniatura-plankton/3.png|/imagens/produtos/decoracoes/2-2-044-miniatura-plankton/4.png","","","",""
"2-2-045","Miniatura Lula Molusco","Decoração","Miniaturas","0","Produto em impressão 3D","","/imagens/produtos/decoracoes/2-2-045-miniatura-lula-molusco/1.png","","","",""
"2-2-046","Miniatura Gary","Decoração","Miniaturas","0","Produto em impressão 3D","","/imagens/produtos/decoracoes/2-2-046-miniatura-gary/1.png|/imagens/produtos/decoracoes/2-2-046-miniatura-gary/2.png|/imagens/produtos/decoracoes/2-2-046-miniatura-gary/3.png","","","",""
"2-2-047","Miniatura Mario","Decoração","Miniaturas","0","Produto em impressão 3D","","/imagens/produtos/decoracoes/2-2-047-miniatura-mario/1.png|/imagens/produtos/decoracoes/2-2-047-miniatura-mario/2.png|/imagens/produtos/decoracoes/2-2-047-miniatura-mario/3.png|/imagens/produtos/decoracoes/2-2-047-miniatura-mario/4.png","","","",""
"2-2-048","Miniatura Luigi","Decoração","Miniaturas","0","Produto em impressão 3D","","/imagens/produtos/decoracoes/2-2-048-miniatura-luigi/1.png|/imagens/produtos/decoracoes/2-2-048-miniatura-luigi/2.png|/imagens/produtos/decoracoes/2-2-048-miniatura-luigi/3.png|/imagens/produtos/decoracoes/2-2-048-miniatura-luigi/4.png","","","",""
"2-2-049","Miniatura Sapo","Decoração","Miniaturas","0","Produto em impressão 3D","","/imagens/produtos/decoracoes/2-2-049-miniatura-sapo/1.png|/imagens/produtos/decoracoes/2-2-049-miniatura-sapo/2.png|/imagens/produtos/decoracoes/2-2-049-miniatura-sapo/3.png|/imagens/produtos/decoracoes/2-2-049-miniatura-sapo/4.png","","","",""
"2-2-050","Miniatura Pikachu","Decoração","Miniaturas","0","Produto em impressão 3D","","/imagens/produtos/decoracoes/2-2-050-miniatura-pikachu/1.png|/imagens/produtos/decoracoes/2-2-050-miniatura-pikachu/2.png|/imagens/produtos/decoracoes/2-2-050-miniatura-pikachu/3.png|/imagens/produtos/decoracoes/2-2-050-miniatura-pikachu/4.png","","","",""
"2-2-051","Miniatura Brian","Decoração","Miniaturas","0","Produto em impressão 3D","","/imagens/produtos/decoracoes/2-2-051-miniatura-brian/1.png|/imagens/produtos/decoracoes/2-2-051-miniatura-brian/2.png|/imagens/produtos/decoracoes/2-2-051-miniatura-brian/3.png|/imagens/produtos/decoracoes/2-2-051-miniatura-brian/4.png","","","",""
"2-2-052","Miniatura Stewie","Decoração","Miniaturas","0","Produto em impressão 3D","","/imagens/produtos/decoracoes/2-2-052-miniatura-stewie/1.png|/imagens/produtos/decoracoes/2-2-052-miniatura-stewie/2.png|/imagens/produtos/decoracoes/2-2-052-miniatura-stewie/3.png|/imagens/produtos/decoracoes/2-2-052-miniatura-stewie/4.png","","","",""
"2-2-053","Miniatura Kenny","Decoração","Miniaturas","0","Produto em impressão 3D","","/imagens/produtos/decoracoes/2-2-053-miniatura-kenny/1.png|/imagens/produtos/decoracoes/2-2-053-miniatura-kenny/2.png|/imagens/produtos/decoracoes/2-2-053-miniatura-kenny/3.png|/imagens/produtos/decoracoes/2-2-053-miniatura-kenny/4.png","","","",""
"2-2-054","Miniatura Kyle","Decoração","Miniaturas","0","Produto em impressão 3D","","/imagens/produtos/decoracoes/2-2-054-miniatura-kyle/1.png|/imagens/produtos/decoracoes/2-2-054-miniatura-kyle/2.png|/imagens/produtos/decoracoes/2-2-054-miniatura-kyle/3.png|/imagens/produtos/decoracoes/2-2-054-miniatura-kyle/4.png","","","",""
"2-2-055","Miniatura Stan","Decoração","Miniaturas","0","Produto em impressão 3D","","/imagens/produtos/decoracoes/2-2-055-miniatura-stan/1.png|/imagens/produtos/decoracoes/2-2-055-miniatura-stan/2.png|/imagens/produtos/decoracoes/2-2-055-miniatura-stan/3.png|/imagens/produtos/decoracoes/2-2-055-miniatura-stan/4.png","","","",""
"2-2-056","Miniatura Eric","Decoração","Miniaturas","0","Produto em impressão 3D","","/imagens/produtos/decoracoes/2-2-056-miniatura-eric/1.png|/imagens/produtos/decoracoes/2-2-056-miniatura-eric/2.png|/imagens/produtos/decoracoes/2-2-056-miniatura-eric/3.png|/imagens/produtos/decoracoes/2-2-056-miniatura-eric/4.png","","","",""
"2-2-057","Miniatura Finn","Decoração","Miniaturas","0","Produto em impressão 3D","","/imagens/produtos/decoracoes/2-2-057-miniatura-finn/1.png|/imagens/produtos/decoracoes/2-2-057-miniatura-finn/2.png|/imagens/produtos/decoracoes/2-2-057-miniatura-finn/3.png|/imagens/produtos/decoracoes/2-2-057-miniatura-finn/4.png","","","",""
"2-2-058","Miniatura Jake","Decoração","Miniaturas","0","Produto em impressão 3D","","/imagens/produtos/decoracoes/2-2-058-miniatura-jake/1.png|/imagens/produtos/decoracoes/2-2-058-miniatura-jake/2.png|/imagens/produtos/decoracoes/2-2-058-miniatura-jake/3.png|/imagens/produtos/decoracoes/2-2-058-miniatura-jake/4.png","","","",""
"2-2-059","Miniatura Stitch","Decoração","Miniaturas","0","Produto em impressão 3D","","/imagens/produtos/decoracoes/2-2-059-miniatura-stitch/1.png|/imagens/produtos/decoracoes/2-2-059-miniatura-stitch/2.png|/imagens/produtos/decoracoes/2-2-059-miniatura-stitch/3.png","","","",""
"2-3-001","Miniatura Funko-Pop Homem-Aranha","Decoração","Funko-Pop","0","Produto em impressão 3D","","/imagens/produtos/decoracoes/2-3-001-miniatura-funko-pop-homem-aranha/1.png|/imagens/produtos/decoracoes/2-3-001-miniatura-funko-pop-homem-aranha/2.png|/imagens/produtos/decoracoes/2-3-001-miniatura-funko-pop-homem-aranha/3.png|/imagens/produtos/decoracoes/2-3-001-miniatura-funko-pop-homem-aranha/4.png","","","",""
"2-3-002","Miniatura Funko-Pop Miles Morales","Decoração","Funko-Pop","","","","/imagens/produtos/decoracoes/2-3-002-miniatura-funko-pop-miles-morales/1.png|/imagens/produtos/decoracoes/2-3-002-miniatura-funko-pop-miles-morales/2.png|/imagens/produtos/decoracoes/2-3-002-miniatura-funko-pop-miles-morales/3.png|/imagens/produtos/decoracoes/2-3-002-miniatura-funko-pop-miles-morales/4.png","","","",""
"2-3-003","Miniatura Funko-Pop Venom","Decoração","Funko-Pop","","","","/imagens/produtos/decoracoes/2-3-003-miniatura-funko-pop-venom/1.png|/imagens/produtos/decoracoes/2-3-003-miniatura-funko-pop-venom/2.png|/imagens/produtos/decoracoes/2-3-003-miniatura-funko-pop-venom/3.png|/imagens/produtos/decoracoes/2-3-003-miniatura-funko-pop-venom/4.png","","","",""
"2-3-004","Miniatura Will Byers","Decoração","Funko-Pop","","","","/imagens/produtos/decoracoes/2-3-004-miniatura-will-byers/1.png|/imagens/produtos/decoracoes/2-3-004-miniatura-will-byers/2.png|/imagens/produtos/decoracoes/2-3-004-miniatura-will-byers/3.png|/imagens/produtos/decoracoes/2-3-004-miniatura-will-byers/4.png","","","",""
"2-3-005","Miniatura Zulema Zahir","Decoração","Funko-Pop","","","","/imagens/produtos/decoracoes/2-3-005-miniatura-zulema-zahir/1.png|/imagens/produtos/decoracoes/2-3-005-miniatura-zulema-zahir/2.png|/imagens/produtos/decoracoes/2-3-005-miniatura-zulema-zahir/3.png|/imagens/produtos/decoracoes/2-3-005-miniatura-zulema-zahir/4.png","","","",""
"2-4-001","Esqueleto Dragão","Decoração","Esqueletos","","","","/imagens/produtos/decoracoes/2-4-001-esqueleto-dragao/1.png|/imagens/produtos/decoracoes/2-4-001-esqueleto-dragao/2.png|/imagens/produtos/decoracoes/2-4-001-esqueleto-dragao/3.png","","","",""
"2-4-002","Esqueleto Dragão Chinês","Decoração","Esqueletos","","","","/imagens/produtos/decoracoes/2-4-002-esqueleto-dragao-chines/1.png|/imagens/produtos/decoracoes/2-4-002-esqueleto-dragao-chines/2.png|/imagens/produtos/decoracoes/2-4-002-esqueleto-dragao-chines/3.png","","","",""
"2-4-003","Esqueleto Espinossauro","Decoração","Esqueletos","","","","/imagens/produtos/decoracoes/2-4-003-esqueleto-espinossauro/1.png|/imagens/produtos/decoracoes/2-4-003-esqueleto-espinossauro/2.png|/imagens/produtos/decoracoes/2-4-003-esqueleto-espinossauro/3.png","","","",""
"2-4-004","Esqueleto Mosassauro","Decoração","Esqueletos","","","","/imagens/produtos/decoracoes/2-4-004-esqueleto-mosassauro/1.png|/imagens/produtos/decoracoes/2-4-004-esqueleto-mosassauro/2.png|/imagens/produtos/decoracoes/2-4-004-esqueleto-mosassauro/3.png","","","",""
"2-4-005","Esqueleto Smilodon","Decoração","Esqueletos","","","","/imagens/produtos/decoracoes/2-4-005-esqueleto-smilodon/1.png|/imagens/produtos/decoracoes/2-4-005-esqueleto-smilodon/2.png|/imagens/produtos/decoracoes/2-4-005-esqueleto-smilodon/3.png","","","",""
"2-4-006","Esqueleto Trex","Decoração","Esqueletos","","","","/imagens/produtos/decoracoes/2-4-006-esqueleto-trex/1.png|/imagens/produtos/decoracoes/2-4-006-esqueleto-trex/2.png|/imagens/produtos/decoracoes/2-4-006-esqueleto-trex/3.png","","","",""
"2-4-007","Esqueleto Velociraptor","Decoração","Esqueletos","","","","/imagens/produtos/decoracoes/2-4-007-esqueleto-velociraptor/1.png|/imagens/produtos/decoracoes/2-4-007-esqueleto-velociraptor/2.png","","","",""
"4-1-001","Porta-cartas Uno","Utilidades","Organizadores","","","","/imagens/produtos/utilidades/4-1-001-porta-cartas-uno/1.png|/imagens/produtos/utilidades/4-1-001-porta-cartas-uno/2.png|/imagens/produtos/utilidades/4-1-001-porta-cartas-uno/3.png|/imagens/produtos/utilidades/4-1-001-porta-cartas-uno/4.png","","","",""
"4-1-002","Porta Figurinhas Copa Copa do Mundo","Utilidades","Organizadores","","","","/imagens/produtos/utilidades/4-1-002-porta-figurinhas-copa-copa-do-mundo/1.png|/imagens/produtos/utilidades/4-1-002-porta-figurinhas-copa-copa-do-mundo/2.png|/imagens/produtos/utilidades/4-1-002-porta-figurinhas-copa-copa-do-mundo/3.png|/imagens/produtos/utilidades/4-1-002-porta-figurinhas-copa-copa-do-mundo/4.png|/imagens/produtos/utilidades/4-1-002-porta-figurinhas-copa-copa-do-mundo/5.png|/imagens/produtos/utilidades/4-1-002-porta-figurinhas-copa-copa-do-mundo/6.png|/imagens/produtos/utilidades/4-1-002-porta-figurinhas-copa-copa-do-mundo/7.png|/imagens/produtos/utilidades/4-1-002-porta-figurinhas-copa-copa-do-mundo/8.png","","","",""
"4-1-003","Suporte para Jogos PS5","Utilidades","Organizadores","","","","/imagens/produtos/utilidades/4-1-003-suporte-para-jogos-ps5/1.png","","","",""
"4-2-001","Suporte para Celular","Utilidades","Suportes para Celular","","","","/imagens/produtos/utilidades/4-2-001-suporte-para-celular/1.png|/imagens/produtos/utilidades/4-2-001-suporte-para-celular/2.png|/imagens/produtos/utilidades/4-2-001-suporte-para-celular/3.png|/imagens/produtos/utilidades/4-2-001-suporte-para-celular/4.png|/imagens/produtos/utilidades/4-2-001-suporte-para-celular/5.png","","","",""
"4-2-002","Suporte para iPhone (Magsafe)","Utilidades","Suportes para Celular","","","","/imagens/produtos/utilidades/4-2-002-suporte-para-iphone-magsafe/1.png|/imagens/produtos/utilidades/4-2-002-suporte-para-iphone-magsafe/2.png","","","",""
"4-2-003","Suporte para iPhone e AirPods (Magsafe)","Utilidades","Suportes para Celular","","","","/imagens/produtos/utilidades/4-2-003-suporte-para-iphone-e-airpods-magsafe/1.png|/imagens/produtos/utilidades/4-2-003-suporte-para-iphone-e-airpods-magsafe/2.png|/imagens/produtos/utilidades/4-2-003-suporte-para-iphone-e-airpods-magsafe/3.png|/imagens/produtos/utilidades/4-2-003-suporte-para-iphone-e-airpods-magsafe/4.png|/imagens/produtos/utilidades/4-2-003-suporte-para-iphone-e-airpods-magsafe/5.png","","","",""
"4-2-004","Suporte para iPhone e AppleWatch (Magsafe)","Utilidades","Suportes para Celular","","","","/imagens/produtos/utilidades/4-2-004-suporte-para-iphone-e-applewatch-magsafe/1.png|/imagens/produtos/utilidades/4-2-004-suporte-para-iphone-e-applewatch-magsafe/2.png|/imagens/produtos/utilidades/4-2-004-suporte-para-iphone-e-applewatch-magsafe/3.png|/imagens/produtos/utilidades/4-2-004-suporte-para-iphone-e-applewatch-magsafe/4.png|/imagens/produtos/utilidades/4-2-004-suporte-para-iphone-e-applewatch-magsafe/5.png|/imagens/produtos/utilidades/4-2-004-suporte-para-iphone-e-applewatch-magsafe/6.png","","","",""
"4-3-001","Suporte para Controle de PS5 Bolha de Chiclete","Utilidades","Suportes para Controle","","","","/imagens/produtos/utilidades/4-3-001-suporte-para-controle-de-ps5-bolha-de-chiclete/1.png|/imagens/produtos/utilidades/4-3-001-suporte-para-controle-de-ps5-bolha-de-chiclete/2.png|/imagens/produtos/utilidades/4-3-001-suporte-para-controle-de-ps5-bolha-de-chiclete/3.png","","","",""
"4-3-002","Suporte para Controle de PS5 Caveira Desértica","Utilidades","Suportes para Controle","","","","/imagens/produtos/utilidades/4-3-002-suporte-para-controle-de-ps5-caveira-desertica/1.png|/imagens/produtos/utilidades/4-3-002-suporte-para-controle-de-ps5-caveira-desertica/2.png","","","",""
"4-3-003","Suporte para Controle de PS5 Caveira Morte","Utilidades","Suportes para Controle","","","","/imagens/produtos/utilidades/4-3-003-suporte-para-controle-de-ps5-caveira-morte/1.png|/imagens/produtos/utilidades/4-3-003-suporte-para-controle-de-ps5-caveira-morte/2.png","","","",""
"4-3-004","Suporte para Controle de PS5 Cobra e Caveira 1","Utilidades","Suportes para Controle","","","","/imagens/produtos/utilidades/4-3-004-suporte-para-controle-de-ps5-cobra-e-caveira-1/1.png|/imagens/produtos/utilidades/4-3-004-suporte-para-controle-de-ps5-cobra-e-caveira-1/2.png|/imagens/produtos/utilidades/4-3-004-suporte-para-controle-de-ps5-cobra-e-caveira-1/3.png","","","",""
"4-3-005","Suporte para Controle de PS5 Cobra e Caveira 2","Utilidades","Suportes para Controle","","","","/imagens/produtos/utilidades/4-3-005-suporte-para-controle-de-ps5-cobra-e-caveira-2/1.png|/imagens/produtos/utilidades/4-3-005-suporte-para-controle-de-ps5-cobra-e-caveira-2/2.png|/imagens/produtos/utilidades/4-3-005-suporte-para-controle-de-ps5-cobra-e-caveira-2/3.png","","","",""
"4-3-006","Suporte para Controle de PS5 Cobra e Caveira 3","Utilidades","Suportes para Controle","","","","/imagens/produtos/utilidades/4-3-006-suporte-para-controle-de-ps5-cobra-e-caveira-3/1.png|/imagens/produtos/utilidades/4-3-006-suporte-para-controle-de-ps5-cobra-e-caveira-3/2.png|/imagens/produtos/utilidades/4-3-006-suporte-para-controle-de-ps5-cobra-e-caveira-3/3.png","","","",""
"4-3-007","Suporte para Controle de PS5 Cobra, Caveira e Aranha","Utilidades","Suportes para Controle","","","","/imagens/produtos/utilidades/4-3-007-suporte-para-controle-de-ps5-cobra-caveira-e-aranha/1.png|/imagens/produtos/utilidades/4-3-007-suporte-para-controle-de-ps5-cobra-caveira-e-aranha/2.png|/imagens/produtos/utilidades/4-3-007-suporte-para-controle-de-ps5-cobra-caveira-e-aranha/3.png","","","",""
"4-3-008","Suporte para Controle de PS5 Cristais","Utilidades","Suportes para Controle","","","","/imagens/produtos/utilidades/4-3-008-suporte-para-controle-de-ps5-cristais/1.png|/imagens/produtos/utilidades/4-3-008-suporte-para-controle-de-ps5-cristais/2.png","","","",""
"4-3-009","Suporte para Controle de PS5 Cristais e Caveira","Utilidades","Suportes para Controle","","","","/imagens/produtos/utilidades/4-3-009-suporte-para-controle-de-ps5-cristais-e-caveira/1.png|/imagens/produtos/utilidades/4-3-009-suporte-para-controle-de-ps5-cristais-e-caveira/2.png","","","",""
"4-3-010","Suporte para Controle de PS5 e Fone Caveira 1","Utilidades","Suportes para Controle","","","","/imagens/produtos/utilidades/4-3-010-suporte-para-controle-de-ps5-e-fone-caveira-1/1.png|/imagens/produtos/utilidades/4-3-010-suporte-para-controle-de-ps5-e-fone-caveira-1/2.png|/imagens/produtos/utilidades/4-3-010-suporte-para-controle-de-ps5-e-fone-caveira-1/3.png","","","",""
"4-3-011","Suporte para Controle de PS5 e Fone Caveira 2","Utilidades","Suportes para Controle","","","","/imagens/produtos/utilidades/4-3-011-suporte-para-controle-de-ps5-e-fone-caveira-2/1.png|/imagens/produtos/utilidades/4-3-011-suporte-para-controle-de-ps5-e-fone-caveira-2/2.png|/imagens/produtos/utilidades/4-3-011-suporte-para-controle-de-ps5-e-fone-caveira-2/3.png","","","",""
"4-3-012","Suporte para Controle de PS5 e PS4 Medusa","Utilidades","Suportes para Controle","","","","/imagens/produtos/utilidades/4-3-012-suporte-para-controle-de-ps5-e-ps4-medusa/1.png|/imagens/produtos/utilidades/4-3-012-suporte-para-controle-de-ps5-e-ps4-medusa/2.png|/imagens/produtos/utilidades/4-3-012-suporte-para-controle-de-ps5-e-ps4-medusa/3.png","","","",""
"4-3-013","Suporte para Controle de PS5 Lua","Utilidades","Suportes para Controle","","","","/imagens/produtos/utilidades/4-3-013-suporte-para-controle-de-ps5-lua/1.png|/imagens/produtos/utilidades/4-3-013-suporte-para-controle-de-ps5-lua/2.png|/imagens/produtos/utilidades/4-3-013-suporte-para-controle-de-ps5-lua/3.png","","","",""
"4-3-014","Suporte para Controle de PS5 Mão Zumbi","Utilidades","Suportes para Controle","","","","/imagens/produtos/utilidades/4-3-014-suporte-para-controle-de-ps5-mao-zumbi/1.png|/imagens/produtos/utilidades/4-3-014-suporte-para-controle-de-ps5-mao-zumbi/2.png|/imagens/produtos/utilidades/4-3-014-suporte-para-controle-de-ps5-mao-zumbi/3.png","","","",""
"4-3-015","Suporte para Controle de PS5 Polvo","Utilidades","Suportes para Controle","","","","/imagens/produtos/utilidades/4-3-015-suporte-para-controle-de-ps5-polvo/1.png|/imagens/produtos/utilidades/4-3-015-suporte-para-controle-de-ps5-polvo/2.png|/imagens/produtos/utilidades/4-3-015-suporte-para-controle-de-ps5-polvo/3.png","","","",""
"4-3-016","Suporte para Controle de PS5 Teia","Utilidades","Suportes para Controle","","","","/imagens/produtos/utilidades/4-3-016-suporte-para-controle-de-ps5-teia/1.png|/imagens/produtos/utilidades/4-3-016-suporte-para-controle-de-ps5-teia/2.png|/imagens/produtos/utilidades/4-3-016-suporte-para-controle-de-ps5-teia/3.png","","","",""
"4-3-017","Suporte para Controle de PS5 Tentáculo 1","Utilidades","Suportes para Controle","","","","/imagens/produtos/utilidades/4-3-017-suporte-para-controle-de-ps5-tentaculo-1/1.png|/imagens/produtos/utilidades/4-3-017-suporte-para-controle-de-ps5-tentaculo-1/2.png|/imagens/produtos/utilidades/4-3-017-suporte-para-controle-de-ps5-tentaculo-1/3.png","","","",""
"4-3-018","Suporte para Controle de PS5 Tentáculo 2","Utilidades","Suportes para Controle","","","","/imagens/produtos/utilidades/4-3-018-suporte-para-controle-de-ps5-tentaculo-2/1.png|/imagens/produtos/utilidades/4-3-018-suporte-para-controle-de-ps5-tentaculo-2/2.png|/imagens/produtos/utilidades/4-3-018-suporte-para-controle-de-ps5-tentaculo-2/3.png","","","",""
"4-3-019","Suporte para Controle de PS5 Tentáculo 3","Utilidades","Suportes para Controle","","","","/imagens/produtos/utilidades/4-3-019-suporte-para-controle-de-ps5-tentaculo-3/1.png|/imagens/produtos/utilidades/4-3-019-suporte-para-controle-de-ps5-tentaculo-3/2.png|/imagens/produtos/utilidades/4-3-019-suporte-para-controle-de-ps5-tentaculo-3/3.png","","","",""
"4-3-020","Suporte para Controle de PS5 Tentáculo 4","Utilidades","Suportes para Controle","","","","/imagens/produtos/utilidades/4-3-020-suporte-para-controle-de-ps5-tentaculo-4/1.png|/imagens/produtos/utilidades/4-3-020-suporte-para-controle-de-ps5-tentaculo-4/2.png|/imagens/produtos/utilidades/4-3-020-suporte-para-controle-de-ps5-tentaculo-4/3.png","","","",""
"4-3-021","Suporte para Controle de PS5 Tentáculo 5","Utilidades","Suportes para Controle","","","","/imagens/produtos/utilidades/4-3-021-suporte-para-controle-de-ps5-tentaculo-5/1.png|/imagens/produtos/utilidades/4-3-021-suporte-para-controle-de-ps5-tentaculo-5/2.png|/imagens/produtos/utilidades/4-3-021-suporte-para-controle-de-ps5-tentaculo-5/3.png","","","",""
"4-3-022","Suporte para Controle de PS5 Tentáculo 6","Utilidades","Suportes para Controle","","","","/imagens/produtos/utilidades/4-3-022-suporte-para-controle-de-ps5-tentaculo-6/1.png|/imagens/produtos/utilidades/4-3-022-suporte-para-controle-de-ps5-tentaculo-6/2.png|/imagens/produtos/utilidades/4-3-022-suporte-para-controle-de-ps5-tentaculo-6/3.png","","","",""
"4-3-023","Suporte para Controle de PS5 Tentáculo 7","Utilidades","Suportes para Controle","","","","/imagens/produtos/utilidades/4-3-023-suporte-para-controle-de-ps5-tentaculo-7/1.png|/imagens/produtos/utilidades/4-3-023-suporte-para-controle-de-ps5-tentaculo-7/2.png|/imagens/produtos/utilidades/4-3-023-suporte-para-controle-de-ps5-tentaculo-7/3.png","","","",""
"4-3-024","Suporte para Controle de PS5 Tentáculo 8","Utilidades","Suportes para Controle","","","","/imagens/produtos/utilidades/4-3-024-suporte-para-controle-de-ps5-tentaculo-8/1.png|/imagens/produtos/utilidades/4-3-024-suporte-para-controle-de-ps5-tentaculo-8/2.png|/imagens/produtos/utilidades/4-3-024-suporte-para-controle-de-ps5-tentaculo-8/3.png","","","",""
"4-3-025","Suporte Controle Xbox Cobra e Caveira","Utilidades","Suportes para Controle","","","","/imagens/produtos/utilidades/4-3-025-suporte-controle-xbox-cobra-e-caveira/1.png|/imagens/produtos/utilidades/4-3-025-suporte-controle-xbox-cobra-e-caveira/2.png|/imagens/produtos/utilidades/4-3-025-suporte-controle-xbox-cobra-e-caveira/3.png","","","",""
"4-3-026","Suporte Controle Xbox Polvo","Utilidades","Suportes para Controle","","","","/imagens/produtos/utilidades/4-3-026-suporte-controle-xbox-polvo/1.png|/imagens/produtos/utilidades/4-3-026-suporte-controle-xbox-polvo/2.png|/imagens/produtos/utilidades/4-3-026-suporte-controle-xbox-polvo/3.png","","","",""
"4-3-027","Suporte Controle Xbox Tentáculo 1","Utilidades","Suportes para Controle","","","","/imagens/produtos/utilidades/4-3-027-suporte-controle-xbox-tentaculo-1/1.png|/imagens/produtos/utilidades/4-3-027-suporte-controle-xbox-tentaculo-1/2.png|/imagens/produtos/utilidades/4-3-027-suporte-controle-xbox-tentaculo-1/3.png","","","",""
"4-3-028","Suporte Controle Xbox Tentáculo 2","Utilidades","Suportes para Controle","","","","/imagens/produtos/utilidades/4-3-028-suporte-controle-xbox-tentaculo-2/1.png|/imagens/produtos/utilidades/4-3-028-suporte-controle-xbox-tentaculo-2/2.png|/imagens/produtos/utilidades/4-3-028-suporte-controle-xbox-tentaculo-2/3.png","","","",""
"4-3-029","Suporte Controle Xbox Tentáculo 3","Utilidades","Suportes para Controle","","","","/imagens/produtos/utilidades/4-3-029-suporte-controle-xbox-tentaculo-3/1.png|/imagens/produtos/utilidades/4-3-029-suporte-controle-xbox-tentaculo-3/2.png|/imagens/produtos/utilidades/4-3-029-suporte-controle-xbox-tentaculo-3/3.png","","","",""
"4-3-030","Suporte Controle Xbox Tentáculo 4","Utilidades","Suportes para Controle","","","","/imagens/produtos/utilidades/4-3-030-suporte-controle-xbox-tentaculo-4/1.png|/imagens/produtos/utilidades/4-3-030-suporte-controle-xbox-tentaculo-4/2.png","","","",""
"4-3-031","Suporte Controle Xbox Tentáculo 5","Utilidades","Suportes para Controle","","","","/imagens/produtos/utilidades/4-3-031-suporte-controle-xbox-tentaculo-5/1.png|/imagens/produtos/utilidades/4-3-031-suporte-controle-xbox-tentaculo-5/2.png|/imagens/produtos/utilidades/4-3-031-suporte-controle-xbox-tentaculo-5/3.png","","","",""
"4-3-032","Suporte Controle Xbox Tentáculo e Caveira","Utilidades","Suportes para Controle","","","","/imagens/produtos/utilidades/4-3-032-suporte-controle-xbox-tentaculo-e-caveira/1.png|/imagens/produtos/utilidades/4-3-032-suporte-controle-xbox-tentaculo-e-caveira/2.png","","","",""
"4-3-033","Suporte Duplo Controle Xbox Tentáculo","Utilidades","Suportes para Controle","","","","/imagens/produtos/utilidades/4-3-033-suporte-duplo-controle-xbox-tentaculo/1.png|/imagens/produtos/utilidades/4-3-033-suporte-duplo-controle-xbox-tentaculo/2.png","","","",""
"4-3-034","Suporte Duplo Controle PS5","Utilidades","Suportes para Controle","","","","/imagens/produtos/utilidades/4-3-034-suporte-duplo-controle-ps5/1.png|/imagens/produtos/utilidades/4-3-034-suporte-duplo-controle-ps5/2.png|/imagens/produtos/utilidades/4-3-034-suporte-duplo-controle-ps5/3.png","","","",""
"4-3-035","Suporte Duplo Controle PS5 e Fone","Utilidades","Suportes para Controle","","","","/imagens/produtos/utilidades/4-3-035-suporte-duplo-controle-ps5-e-fone/1.png|/imagens/produtos/utilidades/4-3-035-suporte-duplo-controle-ps5-e-fone/2.png","","","",""
"4-3-036","Suporte Controle PS5 Game Of Thrones","Utilidades","Suportes para Controle","","","","/imagens/produtos/utilidades/4-3-036-suporte-controle-ps5-game-of-thrones/1.png|/imagens/produtos/utilidades/4-3-036-suporte-controle-ps5-game-of-thrones/2.png","","","",""
"4-3-037","Suporte Controle PS5 Máscara Oni","Utilidades","Suportes para Controle","","","","/imagens/produtos/utilidades/4-3-037-suporte-controle-ps5-mascara-oni/1.png|/imagens/produtos/utilidades/4-3-037-suporte-controle-ps5-mascara-oni/2.png|/imagens/produtos/utilidades/4-3-037-suporte-controle-ps5-mascara-oni/3.png","","","",""
"4-4-001","Suporte para Fone","Utilidades","Suportes para Fone","","","","/imagens/produtos/utilidades/4-4-001-suporte-para-fone/1.png|/imagens/produtos/utilidades/4-4-001-suporte-para-fone/2.png|/imagens/produtos/utilidades/4-4-001-suporte-para-fone/3.png|/imagens/produtos/utilidades/4-4-001-suporte-para-fone/4.png","","","",""
"4-4-002","Suporte para Fone Curvo","Utilidades","Suportes para Fone","","","","/imagens/produtos/utilidades/4-4-002-suporte-para-fone-curvo/1.png|/imagens/produtos/utilidades/4-4-002-suporte-para-fone-curvo/2.png|/imagens/produtos/utilidades/4-4-002-suporte-para-fone-curvo/3.png|/imagens/produtos/utilidades/4-4-002-suporte-para-fone-curvo/4.png|/imagens/produtos/utilidades/4-4-002-suporte-para-fone-curvo/5.png|/imagens/produtos/utilidades/4-4-002-suporte-para-fone-curvo/6.png","","","",""
"4-4-003","Suporte para Fone Modular","Utilidades","Suportes para Fone","","","","/imagens/produtos/utilidades/4-4-003-suporte-para-fone-modular/1.png","","","",""
"4-4-004","Suporte para Fone Modular Favo de Mel","Utilidades","Suportes para Fone","","","","/imagens/produtos/utilidades/4-4-004-suporte-para-fone-modular-favo-de-mel/1.png|/imagens/produtos/utilidades/4-4-004-suporte-para-fone-modular-favo-de-mel/2.png|/imagens/produtos/utilidades/4-4-004-suporte-para-fone-modular-favo-de-mel/3.png","","","",""
"4-4-005","Suporte para Fone Tentáculo","Utilidades","Suportes para Fone","","","","/imagens/produtos/utilidades/4-4-005-suporte-para-fone-tentaculo/1.png|/imagens/produtos/utilidades/4-4-005-suporte-para-fone-tentaculo/2.png|/imagens/produtos/utilidades/4-4-005-suporte-para-fone-tentaculo/3.png","","","",""
